[2026-05-20 16:30:43] local.ERROR: The C:\Users\LENOVO\Documents\X-RPL\Kelas\27-04-2026\backend\bootstrap\cache directory must be present and writable. {"exception":"[object] (Exception(code: 0): The C:\\Users\\LENOVO\\Documents\\X-RPL\\Kelas\\27-04-2026\\backend\\bootstrap\\cache directory must be present and writable. at C:/Users/LENOVO/Documents/X-RPL/Kelas/27-04-2026/backend/vendor/laravel/framework/src/Illuminate/Foundation/PackageManifest.php:179)
[stacktrace]
#0 C:/Users/LENOVO/Documents/X-RPL/Kelas/27-04-2026/backend/vendor/laravel/framework/src/Illuminate/Foundation/PackageManifest.php(132): Illuminate/Foundation/PackageManifest->write(Array)
#1 C:/Users/LENOVO/Documents/X-RPL/Kelas/27-04-2026/backend/vendor/laravel/framework/src/Illuminate/Foundation/PackageManifest.php(108): Illuminate/Foundation/PackageManifest->build()
#2 C:/Users/LENOVO/Documents/X-RPL/Kelas/27-04-2026/backend/vendor/laravel/framework/src/Illuminate/Foundation/PackageManifest.php(91): Illuminate/Foundation/PackageManifest->getManifest()
#3 C:/Users/LENOVO/Documents/X-RPL/Kelas/27-04-2026/backend/vendor/laravel/framework/src/Illuminate/Foundation/PackageManifest.php(80): Illuminate/Foundation/PackageManifest->config('aliases')
#4 C:/Users/LENOVO/Documents/X-RPL/Kelas/27-04-2026/backend/vendor/laravel/framework/src/Illuminate/Foundation/Bootstrap/RegisterFacades.php(26): Illuminate/Foundation/PackageManifest->aliases()
#5 C:/Users/LENOVO/Documents/X-RPL/Kelas/27-04-2026/backend/vendor/laravel/framework/src/Illuminate/Foundation/Application.php(342): Illuminate/Foundation/Bootstrap/RegisterFacades->bootstrap(Object(Illuminate/Foundation/Application))
#6 C:/Users/LENOVO/Documents/X-RPL/Kelas/27-04-2026/backend/vendor/laravel/framework/src/Illuminate/Foundation/Console/Kernel.php(474): Illuminate/Foundation/Application->bootstrapWith(Array)
#7 C:/Users/LENOVO/Documents/X-RPL/Kelas/27-04-2026/backend/vendor/laravel/framework/src/Illuminate/Foundation/Console/Kernel.php(196): Illuminate/Foundation/Console/Kernel->bootstrap()
#8 C:/Users/LENOVO/Documents/X-RPL/Kelas/27-04-2026/backend/artisan(14): Illuminate/Foundation/Console/Kernel->handle(Object(Symfony/Component/Console/Input/ArgvInput), Object(Symfony/Component/Console/Output/ConsoleOutput))
#9 {main}
"} 
[2026-05-20 16:44:40] local.ERROR: SQLSTATE[42S02]: Base table or view not found: 1146 Table 'tsabitah_gaming_db.sessions' doesn't exist (Connection: mysql, SQL: select * from `sessions` where `id` = kOVesckq5jXQZLmuKCZPhV2fz760Wex5Xu7mdJM3 limit 1) {"exception":"[object] (Illuminate\\Database\\QueryException(code: 42S02): SQLSTATE[42S02]: Base table or view not found: 1146 Table 'tsabitah_gaming_db.sessions' doesn't exist (Connection: mysql, SQL: select * from `sessions` where `id` = kOVesckq5jXQZLmuKCZPhV2fz760Wex5Xu7mdJM3 limit 1) at C:/Users/LENOVO/Documents/X-RPL/Kelas/27-04-2026/backend/vendor/laravel/framework/src/Illuminate/Database/Connection.php:825)
[stacktrace]
#0 C:/Users/LENOVO/Documents/X-RPL/Kelas/27-04-2026/backend/vendor/laravel/framework/src/Illuminate/Database/Connection.php(779): Illuminate/Database/Connection->runQueryCallback('select * from `...', Array, Object(Closure))
#1 C:/Users/LENOVO/Documents/X-RPL/Kelas/27-04-2026/backend/vendor/laravel/framework/src/Illuminate/Database/Connection.php(398): Illuminate/Database/Connection->run('select * from `...', Array, Object(Closure))
#2 C:/Users/LENOVO/Documents/X-RPL/Kelas/27-04-2026/backend/vendor/laravel/framework/src/Illuminate/Database/Query/Builder.php(3106): Illuminate/Database/Connection->select('select * from `...', Array, false)
#3 C:/Users/LENOVO/Documents/X-RPL/Kelas/27-04-2026/backend/vendor/laravel/framework/src/Illuminate/Database/Query/Builder.php(3091): Illuminate/Database/Query/Builder->runSelect()
#4 C:/Users/LENOVO/Documents/X-RPL/Kelas/27-04-2026/backend/vendor/laravel/framework/src/Illuminate/Database/Query/Builder.php(3676): Illuminate/Database/Query/Builder->Illuminate/Database/Query/{closure}()
#5 C:/Users/LENOVO/Documents/X-RPL/Kelas/27-04-2026/backend/vendor/laravel/framework/src/Illuminate/Database/Query/Builder.php(3090): Illuminate/Database/Query/Builder->onceWithColumns(Array, Object(Closure))
#6 C:/Users/LENOVO/Documents/X-RPL/Kelas/27-04-2026/backend/vendor/laravel/framework/src/Illuminate/Database/Concerns/BuildsQueries.php(343): Illuminate/Database/Query/Builder->get(Array)
#7 C:/Users/LENOVO/Documents/X-RPL/Kelas/27-04-2026/backend/vendor/laravel/framework/src/Illuminate/Database/Query/Builder.php(3013): Illuminate/Database/Query/Builder->first(Array)
#8 C:/Users/LENOVO/Documents/X-RPL/Kelas/27-04-2026/backend/vendor/laravel/framework/src/Illuminate/Session/DatabaseSessionHandler.php(97): Illuminate/Database/Query/Builder->find('kOVesckq5jXQZLm...')
#9 C:/Users/LENOVO/Documents/X-RPL/Kelas/27-04-2026/backend/vendor/laravel/framework/src/Illuminate/Session/Store.php(117): Illuminate/Session/DatabaseSessionHandler->read('kOVesckq5jXQZLm...')
#10 C:/Users/LENOVO/Documents/X-RPL/Kelas/27-04-2026/backend/vendor/laravel/framework/src/Illuminate/Session/Store.php(105): Illuminate/Session/Store->readFromHandler()
#11 C:/Users/LENOVO/Documents/X-RPL/Kelas/27-04-2026/backend/vendor/laravel/framework/src/Illuminate/Session/Store.php(89): Illuminate/Session/Store->loadSession()
#12 C:/Users/LENOVO/Documents/X-RPL/Kelas/27-04-2026/backend/vendor/laravel/framework/src/Illuminate/Session/Middleware/StartSession.php(147): Illuminate/Session/Store->start()
#13 C:/Users/LENOVO/Documents/X-RPL/Kelas/27-04-2026/backend/vendor/laravel/framework/src/Illuminate/Support/helpers.php(399): Illuminate/Session/Middleware/StartSession->Illuminate/Session/Middleware/{closure}(Object(Illuminate/Session/Store))
#14 C:/Users/LENOVO/Documents/X-RPL/Kelas/27-04-2026/backend/vendor/laravel/framework/src/Illuminate/Session/Middleware/StartSession.php(144): tap(Object(Illuminate/Session/Store), Object(Closure))
#15 C:/Users/LENOVO/Documents/X-RPL/Kelas/27-04-2026/backend/vendor/laravel/framework/src/Illuminate/Session/Middleware/StartSession.php(116): Illuminate/Session/Middleware/StartSession->startSession(Object(Illuminate/Http/Request), Object(Illuminate/Session/Store))
#16 C:/Users/LENOVO/Documents/X-RPL/Kelas/27-04-2026/backend/vendor/laravel/framework/src/Illuminate/Session/Middleware/StartSession.php(64): Illuminate/Session/Middleware/StartSession->handleStatefulRequest(Object(Illuminate/Http/Request), Object(Illuminate/Session/Store), Object(Closure))
#17 C:/Users/LENOVO/Documents/X-RPL/Kelas/27-04-2026/backend/vendor/laravel/framework/src/Illuminate/Pipeline/Pipeline.php(209): Illuminate/Session/Middleware/StartSession->handle(Object(Illuminate/Http/Request), Object(Closure))
#18 C:/Users/LENOVO/Documents/X-RPL/Kelas/27-04-2026/backend/vendor/laravel/framework/src/Illuminate/Cookie/Middleware/AddQueuedCookiesToResponse.php(37): Illuminate/Pipeline/Pipeline->Illuminate/Pipeline/{closure}(Object(Illuminate/Http/Request))
#19 C:/Users/LENOVO/Documents/X-RPL/Kelas/27-04-2026/backend/vendor/laravel/framework/src/Illuminate/Pipeline/Pipeline.php(209): Illuminate/Cookie/Middleware/AddQueuedCookiesToResponse->handle(Object(Illuminate/Http/Request), Object(Closure))
#20 C:/Users/LENOVO/Documents/X-RPL/Kelas/27-04-2026/backend/vendor/laravel/framework/src/Illuminate/Cookie/Middleware/EncryptCookies.php(75): Illuminate/Pipeline/Pipeline->Illuminate/Pipeline/{closure}(Object(Illuminate/Http/Request))
#21 C:/Users/LENOVO/Documents/X-RPL/Kelas/27-04-2026/backend/vendor/laravel/framework/src/Illuminate/Pipeline/Pipeline.php(209): Illuminate/Cookie/Middleware/EncryptCookies->handle(Object(Illuminate/Http/Request), Object(Closure))
#22 C:/Users/LENOVO/Documents/X-RPL/Kelas/27-04-2026/backend/vendor/laravel/framework/src/Illuminate/Pipeline/Pipeline.php(127): Illuminate/Pipeline/Pipeline->Illuminate/Pipeline/{closure}(Object(Illuminate/Http/Request))
#23 C:/Users/LENOVO/Documents/X-RPL/Kelas/27-04-2026/backend/vendor/laravel/framework/src/Illuminate/Routing/Router.php(807): Illuminate/Pipeline/Pipeline->then(Object(Closure))
#24 C:/Users/LENOVO/Documents/X-RPL/Kelas/27-04-2026/backend/vendor/laravel/framework/src/Illuminate/Routing/Router.php(786): Illuminate/Routing/Router->runRouteWithinStack(Object(Illuminate/Routing/Route), Object(Illuminate/Http/Request))
#25 C:/Users/LENOVO/Documents/X-RPL/Kelas/27-04-2026/backend/vendor/laravel/framework/src/Illuminate/Routing/Router.php(750): Illuminate/Routing/Router->runRoute(Object(Illuminate/Http/Request), Object(Illuminate/Routing/Route))
#26 C:/Users/LENOVO/Documents/X-RPL/Kelas/27-04-2026/backend/vendor/laravel/framework/src/Illuminate/Routing/Router.php(739): Illuminate/Routing/Router->dispatchToRoute(Object(Illuminate/Http/Request))
#27 C:/Users/LENOVO/Documents/X-RPL/Kelas/27-04-2026/backend/vendor/laravel/framework/src/Illuminate/Foundation/Http/Kernel.php(201): Illuminate/Routing/Router->dispatch(Object(Illuminate/Http/Request))
#28 C:/Users/LENOVO/Documents/X-RPL/Kelas/27-04-2026/backend/vendor/laravel/framework/src/Illuminate/Pipeline/Pipeline.php(170): Illuminate/Foundation/Http/Kernel->Illuminate/Foundation/Http/{closure}(Object(Illuminate/Http/Request))
#29 C:/Users/LENOVO/Documents/X-RPL/Kelas/27-04-2026/backend/vendor/laravel/framework/src/Illuminate/Foundation/Http/Middleware/TransformsRequest.php(21): Illuminate/Pipeline/Pipeline->Illuminate/Pipeline/{closure}(Object(Illuminate/Http/Request))
#30 C:/Users/LENOVO/Documents/X-RPL/Kelas/27-04-2026/backend/vendor/laravel/framework/src/Illuminate/Foundation/Http/Middleware/ConvertEmptyStringsToNull.php(31): Illuminate/Foundation/Http/Middleware/TransformsRequest->handle(Object(Illuminate/Http/Request), Object(Closure))
#31 C:/Users/LENOVO/Documents/X-RPL/Kelas/27-04-2026/backend/vendor/laravel/framework/src/Illuminate/Pipeline/Pipeline.php(209): Illuminate/Foundation/Http/Middleware/ConvertEmptyStringsToNull->handle(Object(Illuminate/Http/Request), Object(Closure))
#32 C:/Users/LENOVO/Documents/X-RPL/Kelas/27-04-2026/backend/vendor/laravel/framework/src/Illuminate/Foundation/Http/Middleware/TransformsRequest.php(21): Illuminate/Pipeline/Pipeline->Illuminate/Pipeline/{closure}(Object(Illuminate/Http/Request))
#33 C:/Users/LENOVO/Documents/X-RPL/Kelas/27-04-2026/backend/vendor/laravel/framework/src/Illuminate/Foundation/Http/Middleware/TrimStrings.php(51): Illuminate/Foundation/Http/Middleware/TransformsRequest->handle(Object(Illuminate/Http/Request), Object(Closure))
#34 C:/Users/LENOVO/Documents/X-RPL/Kelas/27-04-2026/backend/vendor/laravel/framework/src/Illuminate/Pipeline/Pipeline.php(209): Illuminate/Foundation/Http/Middleware/TrimStrings->handle(Object(Illuminate/Http/Request), Object(Closure))
#35 C:/Users/LENOVO/Documents/X-RPL/Kelas/27-04-2026/backend/vendor/laravel/framework/src/Illuminate/Http/Middleware/ValidatePostSize.php(27): Illuminate/Pipeline/Pipeline->Illuminate/Pipeline/{closure}(Object(Illuminate/Http/Request))
#36 C:/Users/LENOVO/Documents/X-RPL/Kelas/27-04-2026/backend/vendor/laravel/framework/src/Illuminate/Pipeline/Pipeline.php(209): Illuminate/Http/Middleware/ValidatePostSize->handle(Object(Illuminate/Http/Request), Object(Closure))
#37 C:/Users/LENOVO/Documents/X-RPL/Kelas/27-04-2026/backend/vendor/laravel/framework/src/Illuminate/Foundation/Http/Middleware/PreventRequestsDuringMaintenance.php(110): Illuminate/Pipeline/Pipeline->Illuminate/Pipeline/{closure}(Object(Illuminate/Http/Request))
#38 C:/Users/LENOVO/Documents/X-RPL/Kelas/27-04-2026/backend/vendor/laravel/framework/src/Illuminate/Pipeline/Pipeline.php(209): Illuminate/Foundation/Http/Middleware/PreventRequestsDuringMaintenance->handle(Object(Illuminate/Http/Request), Object(Closure))
#39 C:/Users/LENOVO/Documents/X-RPL/Kelas/27-04-2026/backend/vendor/laravel/framework/src/Illuminate/Http/Middleware/HandleCors.php(49): Illuminate/Pipeline/Pipeline->Illuminate/Pipeline/{closure}(Object(Illuminate/Http/Request))
#40 C:/Users/LENOVO/Documents/X-RPL/Kelas/27-04-2026/backend/vendor/laravel/framework/src/Illuminate/Pipeline/Pipeline.php(209): Illuminate/Http/Middleware/HandleCors->handle(Object(Illuminate/Http/Request), Object(Closure))
#41 C:/Users/LENOVO/Documents/X-RPL/Kelas/27-04-2026/backend/vendor/laravel/framework/src/Illuminate/Http/Middleware/TrustProxies.php(58): Illuminate/Pipeline/Pipeline->Illuminate/Pipeline/{closure}(Object(Illuminate/Http/Request))
#42 C:/Users/LENOVO/Documents/X-RPL/Kelas/27-04-2026/backend/vendor/laravel/framework/src/Illuminate/Pipeline/Pipeline.php(209): Illuminate/Http/Middleware/TrustProxies->handle(Object(Illuminate/Http/Request), Object(Closure))
#43 C:/Users/LENOVO/Documents/X-RPL/Kelas/27-04-2026/backend/vendor/laravel/framework/src/Illuminate/Foundation/Http/Middleware/InvokeDeferredCallbacks.php(22): Illuminate/Pipeline/Pipeline->Illuminate/Pipeline/{closure}(Object(Illuminate/Http/Request))
#44 C:/Users/LENOVO/Documents/X-RPL/Kelas/27-04-2026/backend/vendor/laravel/framework/src/Illuminate/Pipeline/Pipeline.php(209): Illuminate/Foundation/Http/Middleware/InvokeDeferredCallbacks->handle(Object(Illuminate/Http/Request), Object(Closure))
#45 C:/Users/LENOVO/Documents/X-RPL/Kelas/27-04-2026/backend/vendor/laravel/framework/src/Illuminate/Pipeline/Pipeline.php(127): Illuminate/Pipeline/Pipeline->Illuminate/Pipeline/{closure}(Object(Illuminate/Http/Request))
#46 C:/Users/LENOVO/Documents/X-RPL/Kelas/27-04-2026/backend/vendor/laravel/framework/src/Illuminate/Foundation/Http/Kernel.php(176): Illuminate/Pipeline/Pipeline->then(Object(Closure))
#47 C:/Users/LENOVO/Documents/X-RPL/Kelas/27-04-2026/backend/vendor/laravel/framework/src/Illuminate/Foundation/Http/Kernel.php(145): Illuminate/Foundation/Http/Kernel->sendRequestThroughRouter(Object(Illuminate/Http/Request))
#48 C:/Users/LENOVO/Documents/X-RPL/Kelas/27-04-2026/backend/vendor/laravel/framework/src/Illuminate/Foundation/Application.php(1207): Illuminate/Foundation/Http/Kernel->handle(Object(Illuminate/Http/Request))
#49 C:/Users/LENOVO/Documents/X-RPL/Kelas/27-04-2026/backend/public/index.php(19): Illuminate/Foundation/Application->handle(Object(Illuminate/Http/Request))
#50 C:/Users/LENOVO/Documents/X-RPL/Kelas/27-04-2026/backend/vendor/laravel/framework/src/Illuminate/Foundation/resources/server.php(23): require_once('C://Users//LENOVO...')
#51 {main}

[previous exception] [object] (PDOException(code: 42S02): SQLSTATE[42S02]: Base table or view not found: 1146 Table 'tsabitah_gaming_db.sessions' doesn't exist at C:/Users/LENOVO/Documents/X-RPL/Kelas/27-04-2026/backend/vendor/laravel/framework/src/Illuminate/Database/Connection.php:407)
[stacktrace]
#0 C:/Users/LENOVO/Documents/X-RPL/Kelas/27-04-2026/backend/vendor/laravel/framework/src/Illuminate/Database/Connection.php(407): PDO->prepare('select * from `...')
#1 C:/Users/LENOVO/Documents/X-RPL/Kelas/27-04-2026/backend/vendor/laravel/framework/src/Illuminate/Database/Connection.php(812): Illuminate/Database/Connection->Illuminate/Database/{closure}('select * from `...', Array)
#2 C:/Users/LENOVO/Documents/X-RPL/Kelas/27-04-2026/backend/vendor/laravel/framework/src/Illuminate/Database/Connection.php(779): Illuminate/Database/Connection->runQueryCallback('select * from `...', Array, Object(Closure))
#3 C:/Users/LENOVO/Documents/X-RPL/Kelas/27-04-2026/backend/vendor/laravel/framework/src/Illuminate/Database/Connection.php(398): Illuminate/Database/Connection->run('select * from `...', Array, Object(Closure))
#4 C:/Users/LENOVO/Documents/X-RPL/Kelas/27-04-2026/backend/vendor/laravel/framework/src/Illuminate/Database/Query/Builder.php(3106): Illuminate/Database/Connection->select('select * from `...', Array, false)
#5 C:/Users/LENOVO/Documents/X-RPL/Kelas/27-04-2026/backend/vendor/laravel/framework/src/Illuminate/Database/Query/Builder.php(3091): Illuminate/Database/Query/Builder->runSelect()
#6 C:/Users/LENOVO/Documents/X-RPL/Kelas/27-04-2026/backend/vendor/laravel/framework/src/Illuminate/Database/Query/Builder.php(3676): Illuminate/Database/Query/Builder->Illuminate/Database/Query/{closure}()
#7 C:/Users/LENOVO/Documents/X-RPL/Kelas/27-04-2026/backend/vendor/laravel/framework/src/Illuminate/Database/Query/Builder.php(3090): Illuminate/Database/Query/Builder->onceWithColumns(Array, Object(Closure))
#8 C:/Users/LENOVO/Documents/X-RPL/Kelas/27-04-2026/backend/vendor/laravel/framework/src/Illuminate/Database/Concerns/BuildsQueries.php(343): Illuminate/Database/Query/Builder->get(Array)
#9 C:/Users/LENOVO/Documents/X-RPL/Kelas/27-04-2026/backend/vendor/laravel/framework/src/Illuminate/Database/Query/Builder.php(3013): Illuminate/Database/Query/Builder->first(Array)
#10 C:/Users/LENOVO/Documents/X-RPL/Kelas/27-04-2026/backend/vendor/laravel/framework/src/Illuminate/Session/DatabaseSessionHandler.php(97): Illuminate/Database/Query/Builder->find('kOVesckq5jXQZLm...')
#11 C:/Users/LENOVO/Documents/X-RPL/Kelas/27-04-2026/backend/vendor/laravel/framework/src/Illuminate/Session/Store.php(117): Illuminate/Session/DatabaseSessionHandler->read('kOVesckq5jXQZLm...')
#12 C:/Users/LENOVO/Documents/X-RPL/Kelas/27-04-2026/backend/vendor/laravel/framework/src/Illuminate/Session/Store.php(105): Illuminate/Session/Store->readFromHandler()
#13 C:/Users/LENOVO/Documents/X-RPL/Kelas/27-04-2026/backend/vendor/laravel/framework/src/Illuminate/Session/Store.php(89): Illuminate/Session/Store->loadSession()
#14 C:/Users/LENOVO/Documents/X-RPL/Kelas/27-04-2026/backend/vendor/laravel/framework/src/Illuminate/Session/Middleware/StartSession.php(147): Illuminate/Session/Store->start()
#15 C:/Users/LENOVO/Documents/X-RPL/Kelas/27-04-2026/backend/vendor/laravel/framework/src/Illuminate/Support/helpers.php(399): Illuminate/Session/Middleware/StartSession->Illuminate/Session/Middleware/{closure}(Object(Illuminate/Session/Store))
#16 C:/Users/LENOVO/Documents/X-RPL/Kelas/27-04-2026/backend/vendor/laravel/framework/src/Illuminate/Session/Middleware/StartSession.php(144): tap(Object(Illuminate/Session/Store), Object(Closure))
#17 C:/Users/LENOVO/Documents/X-RPL/Kelas/27-04-2026/backend/vendor/laravel/framework/src/Illuminate/Session/Middleware/StartSession.php(116): Illuminate/Session/Middleware/StartSession->startSession(Object(Illuminate/Http/Request), Object(Illuminate/Session/Store))
#18 C:/Users/LENOVO/Documents/X-RPL/Kelas/27-04-2026/backend/vendor/laravel/framework/src/Illuminate/Session/Middleware/StartSession.php(64): Illuminate/Session/Middleware/StartSession->handleStatefulRequest(Object(Illuminate/Http/Request), Object(Illuminate/Session/Store), Object(Closure))
#19 C:/Users/LENOVO/Documents/X-RPL/Kelas/27-04-2026/backend/vendor/laravel/framework/src/Illuminate/Pipeline/Pipeline.php(209): Illuminate/Session/Middleware/StartSession->handle(Object(Illuminate/Http/Request), Object(Closure))
#20 C:/Users/LENOVO/Documents/X-RPL/Kelas/27-04-2026/backend/vendor/laravel/framework/src/Illuminate/Cookie/Middleware/AddQueuedCookiesToResponse.php(37): Illuminate/Pipeline/Pipeline->Illuminate/Pipeline/{closure}(Object(Illuminate/Http/Request))
#21 C:/Users/LENOVO/Documents/X-RPL/Kelas/27-04-2026/backend/vendor/laravel/framework/src/Illuminate/Pipeline/Pipeline.php(209): Illuminate/Cookie/Middleware/AddQueuedCookiesToResponse->handle(Object(Illuminate/Http/Request), Object(Closure))
#22 C:/Users/LENOVO/Documents/X-RPL/Kelas/27-04-2026/backend/vendor/laravel/framework/src/Illuminate/Cookie/Middleware/EncryptCookies.php(75): Illuminate/Pipeline/Pipeline->Illuminate/Pipeline/{closure}(Object(Illuminate/Http/Request))
#23 C:/Users/LENOVO/Documents/X-RPL/Kelas/27-04-2026/backend/vendor/laravel/framework/src/Illuminate/Pipeline/Pipeline.php(209): Illuminate/Cookie/Middleware/EncryptCookies->handle(Object(Illuminate/Http/Request), Object(Closure))
#24 C:/Users/LENOVO/Documents/X-RPL/Kelas/27-04-2026/backend/vendor/laravel/framework/src/Illuminate/Pipeline/Pipeline.php(127): Illuminate/Pipeline/Pipeline->Illuminate/Pipeline/{closure}(Object(Illuminate/Http/Request))
#25 C:/Users/LENOVO/Documents/X-RPL/Kelas/27-04-2026/backend/vendor/laravel/framework/src/Illuminate/Routing/Router.php(807): Illuminate/Pipeline/Pipeline->then(Object(Closure))
#26 C:/Users/LENOVO/Documents/X-RPL/Kelas/27-04-2026/backend/vendor/laravel/framework/src/Illuminate/Routing/Router.php(786): Illuminate/Routing/Router->runRouteWithinStack(Object(Illuminate/Routing/Route), Object(Illuminate/Http/Request))
#27 C:/Users/LENOVO/Documents/X-RPL/Kelas/27-04-2026/backend/vendor/laravel/framework/src/Illuminate/Routing/Router.php(750): Illuminate/Routing/Router->runRoute(Object(Illuminate/Http/Request), Object(Illuminate/Routing/Route))
#28 C:/Users/LENOVO/Documents/X-RPL/Kelas/27-04-2026/backend/vendor/laravel/framework/src/Illuminate/Routing/Router.php(739): Illuminate/Routing/Router->dispatchToRoute(Object(Illuminate/Http/Request))
#29 C:/Users/LENOVO/Documents/X-RPL/Kelas/27-04-2026/backend/vendor/laravel/framework/src/Illuminate/Foundation/Http/Kernel.php(201): Illuminate/Routing/Router->dispatch(Object(Illuminate/Http/Request))
#30 C:/Users/LENOVO/Documents/X-RPL/Kelas/27-04-2026/backend/vendor/laravel/framework/src/Illuminate/Pipeline/Pipeline.php(170): Illuminate/Foundation/Http/Kernel->Illuminate/Foundation/Http/{closure}(Object(Illuminate/Http/Request))
#31 C:/Users/LENOVO/Documents/X-RPL/Kelas/27-04-2026/backend/vendor/laravel/framework/src/Illuminate/Foundation/Http/Middleware/TransformsRequest.php(21): Illuminate/Pipeline/Pipeline->Illuminate/Pipeline/{closure}(Object(Illuminate/Http/Request))
#32 C:/Users/LENOVO/Documents/X-RPL/Kelas/27-04-2026/backend/vendor/laravel/framework/src/Illuminate/Foundation/Http/Middleware/ConvertEmptyStringsToNull.php(31): Illuminate/Foundation/Http/Middleware/TransformsRequest->handle(Object(Illuminate/Http/Request), Object(Closure))
#33 C:/Users/LENOVO/Documents/X-RPL/Kelas/27-04-2026/backend/vendor/laravel/framework/src/Illuminate/Pipeline/Pipeline.php(209): Illuminate/Foundation/Http/Middleware/ConvertEmptyStringsToNull->handle(Object(Illuminate/Http/Request), Object(Closure))
#34 C:/Users/LENOVO/Documents/X-RPL/Kelas/27-04-2026/backend/vendor/laravel/framework/src/Illuminate/Foundation/Http/Middleware/TransformsRequest.php(21): Illuminate/Pipeline/Pipeline->Illuminate/Pipeline/{closure}(Object(Illuminate/Http/Request))
#35 C:/Users/LENOVO/Documents/X-RPL/Kelas/27-04-2026/backend/vendor/laravel/framework/src/Illuminate/Foundation/Http/Middleware/TrimStrings.php(51): Illuminate/Foundation/Http/Middleware/TransformsRequest->handle(Object(Illuminate/Http/Request), Object(Closure))
#36 C:/Users/LENOVO/Documents/X-RPL/Kelas/27-04-2026/backend/vendor/laravel/framework/src/Illuminate/Pipeline/Pipeline.php(209): Illuminate/Foundation/Http/Middleware/TrimStrings->handle(Object(Illuminate/Http/Request), Object(Closure))
#37 C:/Users/LENOVO/Documents/X-RPL/Kelas/27-04-2026/backend/vendor/laravel/framework/src/Illuminate/Http/Middleware/ValidatePostSize.php(27): Illuminate/Pipeline/Pipeline->Illuminate/Pipeline/{closure}(Object(Illuminate/Http/Request))
#38 C:/Users/LENOVO/Documents/X-RPL/Kelas/27-04-2026/backend/vendor/laravel/framework/src/Illuminate/Pipeline/Pipeline.php(209): Illuminate/Http/Middleware/ValidatePostSize->handle(Object(Illuminate/Http/Request), Object(Closure))
#39 C:/Users/LENOVO/Documents/X-RPL/Kelas/27-04-2026/backend/vendor/laravel/framework/src/Illuminate/Foundation/Http/Middleware/PreventRequestsDuringMaintenance.php(110): Illuminate/Pipeline/Pipeline->Illuminate/Pipeline/{closure}(Object(Illuminate/Http/Request))
#40 C:/Users/LENOVO/Documents/X-RPL/Kelas/27-04-2026/backend/vendor/laravel/framework/src/Illuminate/Pipeline/Pipeline.php(209): Illuminate/Foundation/Http/Middleware/PreventRequestsDuringMaintenance->handle(Object(Illuminate/Http/Request), Object(Closure))
#41 C:/Users/LENOVO/Documents/X-RPL/Kelas/27-04-2026/backend/vendor/laravel/framework/src/Illuminate/Http/Middleware/HandleCors.php(49): Illuminate/Pipeline/Pipeline->Illuminate/Pipeline/{closure}(Object(Illuminate/Http/Request))
#42 C:/Users/LENOVO/Documents/X-RPL/Kelas/27-04-2026/backend/vendor/laravel/framework/src/Illuminate/Pipeline/Pipeline.php(209): Illuminate/Http/Middleware/HandleCors->handle(Object(Illuminate/Http/Request), Object(Closure))
#43 C:/Users/LENOVO/Documents/X-RPL/Kelas/27-04-2026/backend/vendor/laravel/framework/src/Illuminate/Http/Middleware/TrustProxies.php(58): Illuminate/Pipeline/Pipeline->Illuminate/Pipeline/{closure}(Object(Illuminate/Http/Request))
#44 C:/Users/LENOVO/Documents/X-RPL/Kelas/27-04-2026/backend/vendor/laravel/framework/src/Illuminate/Pipeline/Pipeline.php(209): Illuminate/Http/Middleware/TrustProxies->handle(Object(Illuminate/Http/Request), Object(Closure))
#45 C:/Users/LENOVO/Documents/X-RPL/Kelas/27-04-2026/backend/vendor/laravel/framework/src/Illuminate/Foundation/Http/Middleware/InvokeDeferredCallbacks.php(22): Illuminate/Pipeline/Pipeline->Illuminate/Pipeline/{closure}(Object(Illuminate/Http/Request))
#46 C:/Users/LENOVO/Documents/X-RPL/Kelas/27-04-2026/backend/vendor/laravel/framework/src/Illuminate/Pipeline/Pipeline.php(209): Illuminate/Foundation/Http/Middleware/InvokeDeferredCallbacks->handle(Object(Illuminate/Http/Request), Object(Closure))
#47 C:/Users/LENOVO/Documents/X-RPL/Kelas/27-04-2026/backend/vendor/laravel/framework/src/Illuminate/Pipeline/Pipeline.php(127): Illuminate/Pipeline/Pipeline->Illuminate/Pipeline/{closure}(Object(Illuminate/Http/Request))
#48 C:/Users/LENOVO/Documents/X-RPL/Kelas/27-04-2026/backend/vendor/laravel/framework/src/Illuminate/Foundation/Http/Kernel.php(176): Illuminate/Pipeline/Pipeline->then(Object(Closure))
#49 C:/Users/LENOVO/Documents/X-RPL/Kelas/27-04-2026/backend/vendor/laravel/framework/src/Illuminate/Foundation/Http/Kernel.php(145): Illuminate/Foundation/Http/Kernel->sendRequestThroughRouter(Object(Illuminate/Http/Request))
#50 C:/Users/LENOVO/Documents/X-RPL/Kelas/27-04-2026/backend/vendor/laravel/framework/src/Illuminate/Foundation/Application.php(1207): Illuminate/Foundation/Http/Kernel->handle(Object(Illuminate/Http/Request))
#51 C:/Users/LENOVO/Documents/X-RPL/Kelas/27-04-2026/backend/public/index.php(19): Illuminate/Foundation/Application->handle(Object(Illuminate/Http/Request))
#52 C:/Users/LENOVO/Documents/X-RPL/Kelas/27-04-2026/backend/vendor/laravel/framework/src/Illuminate/Foundation/resources/server.php(23): require_once('C://Users//LENOVO...')
#53 {main}
"} 
[2026-05-20 16:50:37] local.ERROR: Class "App\Http\Controllers\Controller" not found {"exception":"[object] (Error(code: 0): Class \"App\\Http\\Controllers\\Controller\" not found at C:/Users/LENOVO/Documents/X-RPL/Kelas/27-04-2026/backend/app/Http/Controllers/GuestbookController.php:9)
[stacktrace]
#0 C:/Users/LENOVO/Documents/X-RPL/Kelas/27-04-2026/backend/vendor/composer/ClassLoader.php(576): include()
#1 C:/Users/LENOVO/Documents/X-RPL/Kelas/27-04-2026/backend/vendor/composer/ClassLoader.php(427): Composer/Autoload/{closure}('C://Users//LENOVO...')
#2 [internal function]: Composer/Autoload/ClassLoader->loadClass('App//Http//Contro...')
#3 C:/Users/LENOVO/Documents/X-RPL/Kelas/27-04-2026/backend/vendor/laravel/framework/src/Illuminate/Routing/Route.php(1117): is_a('App//Http//Contro...', 'Illuminate//Rout...', true)
#4 C:/Users/LENOVO/Documents/X-RPL/Kelas/27-04-2026/backend/vendor/laravel/framework/src/Illuminate/Routing/Route.php(1054): Illuminate/Routing/Route->controllerMiddleware()
#5 C:/Users/LENOVO/Documents/X-RPL/Kelas/27-04-2026/backend/vendor/laravel/framework/src/Illuminate/Routing/Router.php(820): Illuminate/Routing/Route->gatherMiddleware()
#6 C:/Users/LENOVO/Documents/X-RPL/Kelas/27-04-2026/backend/vendor/laravel/framework/src/Illuminate/Routing/Router.php(802): Illuminate/Routing/Router->gatherRouteMiddleware(Object(Illuminate/Routing/Route))
#7 C:/Users/LENOVO/Documents/X-RPL/Kelas/27-04-2026/backend/vendor/laravel/framework/src/Illuminate/Routing/Router.php(786): Illuminate/Routing/Router->runRouteWithinStack(Object(Illuminate/Routing/Route), Object(Illuminate/Http/Request))
#8 C:/Users/LENOVO/Documents/X-RPL/Kelas/27-04-2026/backend/vendor/laravel/framework/src/Illuminate/Routing/Router.php(750): Illuminate/Routing/Router->runRoute(Object(Illuminate/Http/Request), Object(Illuminate/Routing/Route))
#9 C:/Users/LENOVO/Documents/X-RPL/Kelas/27-04-2026/backend/vendor/laravel/framework/src/Illuminate/Routing/Router.php(739): Illuminate/Routing/Router->dispatchToRoute(Object(Illuminate/Http/Request))
#10 C:/Users/LENOVO/Documents/X-RPL/Kelas/27-04-2026/backend/vendor/laravel/framework/src/Illuminate/Foundation/Http/Kernel.php(201): Illuminate/Routing/Router->dispatch(Object(Illuminate/Http/Request))
#11 C:/Users/LENOVO/Documents/X-RPL/Kelas/27-04-2026/backend/vendor/laravel/framework/src/Illuminate/Pipeline/Pipeline.php(170): Illuminate/Foundation/Http/Kernel->Illuminate/Foundation/Http/{closure}(Object(Illuminate/Http/Request))
#12 C:/Users/LENOVO/Documents/X-RPL/Kelas/27-04-2026/backend/vendor/laravel/framework/src/Illuminate/Foundation/Http/Middleware/TransformsRequest.php(21): Illuminate/Pipeline/Pipeline->Illuminate/Pipeline/{closure}(Object(Illuminate/Http/Request))
#13 C:/Users/LENOVO/Documents/X-RPL/Kelas/27-04-2026/backend/vendor/laravel/framework/src/Illuminate/Foundation/Http/Middleware/ConvertEmptyStringsToNull.php(31): Illuminate/Foundation/Http/Middleware/TransformsRequest->handle(Object(Illuminate/Http/Request), Object(Closure))
#14 C:/Users/LENOVO/Documents/X-RPL/Kelas/27-04-2026/backend/vendor/laravel/framework/src/Illuminate/Pipeline/Pipeline.php(209): Illuminate/Foundation/Http/Middleware/ConvertEmptyStringsToNull->handle(Object(Illuminate/Http/Request), Object(Closure))
#15 C:/Users/LENOVO/Documents/X-RPL/Kelas/27-04-2026/backend/vendor/laravel/framework/src/Illuminate/Foundation/Http/Middleware/TransformsRequest.php(21): Illuminate/Pipeline/Pipeline->Illuminate/Pipeline/{closure}(Object(Illuminate/Http/Request))
#16 C:/Users/LENOVO/Documents/X-RPL/Kelas/27-04-2026/backend/vendor/laravel/framework/src/Illuminate/Foundation/Http/Middleware/TrimStrings.php(51): Illuminate/Foundation/Http/Middleware/TransformsRequest->handle(Object(Illuminate/Http/Request), Object(Closure))
#17 C:/Users/LENOVO/Documents/X-RPL/Kelas/27-04-2026/backend/vendor/laravel/framework/src/Illuminate/Pipeline/Pipeline.php(209): Illuminate/Foundation/Http/Middleware/TrimStrings->handle(Object(Illuminate/Http/Request), Object(Closure))
#18 C:/Users/LENOVO/Documents/X-RPL/Kelas/27-04-2026/backend/vendor/laravel/framework/src/Illuminate/Http/Middleware/ValidatePostSize.php(27): Illuminate/Pipeline/Pipeline->Illuminate/Pipeline/{closure}(Object(Illuminate/Http/Request))
#19 C:/Users/LENOVO/Documents/X-RPL/Kelas/27-04-2026/backend/vendor/laravel/framework/src/Illuminate/Pipeline/Pipeline.php(209): Illuminate/Http/Middleware/ValidatePostSize->handle(Object(Illuminate/Http/Request), Object(Closure))
#20 C:/Users/LENOVO/Documents/X-RPL/Kelas/27-04-2026/backend/vendor/laravel/framework/src/Illuminate/Foundation/Http/Middleware/PreventRequestsDuringMaintenance.php(110): Illuminate/Pipeline/Pipeline->Illuminate/Pipeline/{closure}(Object(Illuminate/Http/Request))
#21 C:/Users/LENOVO/Documents/X-RPL/Kelas/27-04-2026/backend/vendor/laravel/framework/src/Illuminate/Pipeline/Pipeline.php(209): Illuminate/Foundation/Http/Middleware/PreventRequestsDuringMaintenance->handle(Object(Illuminate/Http/Request), Object(Closure))
#22 C:/Users/LENOVO/Documents/X-RPL/Kelas/27-04-2026/backend/vendor/laravel/framework/src/Illuminate/Http/Middleware/HandleCors.php(62): Illuminate/Pipeline/Pipeline->Illuminate/Pipeline/{closure}(Object(Illuminate/Http/Request))
#23 C:/Users/LENOVO/Documents/X-RPL/Kelas/27-04-2026/backend/vendor/laravel/framework/src/Illuminate/Pipeline/Pipeline.php(209): Illuminate/Http/Middleware/HandleCors->handle(Object(Illuminate/Http/Request), Object(Closure))
#24 C:/Users/LENOVO/Documents/X-RPL/Kelas/27-04-2026/backend/vendor/laravel/framework/src/Illuminate/Http/Middleware/TrustProxies.php(58): Illuminate/Pipeline/Pipeline->Illuminate/Pipeline/{closure}(Object(Illuminate/Http/Request))
#25 C:/Users/LENOVO/Documents/X-RPL/Kelas/27-04-2026/backend/vendor/laravel/framework/src/Illuminate/Pipeline/Pipeline.php(209): Illuminate/Http/Middleware/TrustProxies->handle(Object(Illuminate/Http/Request), Object(Closure))
#26 C:/Users/LENOVO/Documents/X-RPL/Kelas/27-04-2026/backend/vendor/laravel/framework/src/Illuminate/Foundation/Http/Middleware/InvokeDeferredCallbacks.php(22): Illuminate/Pipeline/Pipeline->Illuminate/Pipeline/{closure}(Object(Illuminate/Http/Request))
#27 C:/Users/LENOVO/Documents/X-RPL/Kelas/27-04-2026/backend/vendor/laravel/framework/src/Illuminate/Pipeline/Pipeline.php(209): Illuminate/Foundation/Http/Middleware/InvokeDeferredCallbacks->handle(Object(Illuminate/Http/Request), Object(Closure))
#28 C:/Users/LENOVO/Documents/X-RPL/Kelas/27-04-2026/backend/vendor/laravel/framework/src/Illuminate/Pipeline/Pipeline.php(127): Illuminate/Pipeline/Pipeline->Illuminate/Pipeline/{closure}(Object(Illuminate/Http/Request))
#29 C:/Users/LENOVO/Documents/X-RPL/Kelas/27-04-2026/backend/vendor/laravel/framework/src/Illuminate/Foundation/Http/Kernel.php(176): Illuminate/Pipeline/Pipeline->then(Object(Closure))
#30 C:/Users/LENOVO/Documents/X-RPL/Kelas/27-04-2026/backend/vendor/laravel/framework/src/Illuminate/Foundation/Http/Kernel.php(145): Illuminate/Foundation/Http/Kernel->sendRequestThroughRouter(Object(Illuminate/Http/Request))
#31 C:/Users/LENOVO/Documents/X-RPL/Kelas/27-04-2026/backend/vendor/laravel/framework/src/Illuminate/Foundation/Application.php(1207): Illuminate/Foundation/Http/Kernel->handle(Object(Illuminate/Http/Request))
#32 C:/Users/LENOVO/Documents/X-RPL/Kelas/27-04-2026/backend/public/index.php(19): Illuminate/Foundation/Application->handle(Object(Illuminate/Http/Request))
#33 C:/Users/LENOVO/Documents/X-RPL/Kelas/27-04-2026/backend/vendor/laravel/framework/src/Illuminate/Foundation/resources/server.php(23): require_once('C://Users//LENOVO...')
#34 {main}
"} 
[2026-05-20 16:50:39] local.ERROR: Class "App\Http\Controllers\Controller" not found {"exception":"[object] (Error(code: 0): Class \"App\\Http\\Controllers\\Controller\" not found at C:/Users/LENOVO/Documents/X-RPL/Kelas/27-04-2026/backend/app/Http/Controllers/GuestbookController.php:9)
[stacktrace]
#0 C:/Users/LENOVO/Documents/X-RPL/Kelas/27-04-2026/backend/vendor/composer/ClassLoader.php(576): include()
#1 C:/Users/LENOVO/Documents/X-RPL/Kelas/27-04-2026/backend/vendor/composer/ClassLoader.php(427): Composer/Autoload/{closure}('C://Users//LENOVO...')
#2 [internal function]: Composer/Autoload/ClassLoader->loadClass('App//Http//Contro...')
#3 C:/Users/LENOVO/Documents/X-RPL/Kelas/27-04-2026/backend/vendor/laravel/framework/src/Illuminate/Routing/Route.php(1117): is_a('App//Http//Contro...', 'Illuminate//Rout...', true)
#4 C:/Users/LENOVO/Documents/X-RPL/Kelas/27-04-2026/backend/vendor/laravel/framework/src/Illuminate/Routing/Route.php(1054): Illuminate/Routing/Route->controllerMiddleware()
#5 C:/Users/LENOVO/Documents/X-RPL/Kelas/27-04-2026/backend/vendor/laravel/framework/src/Illuminate/Routing/Router.php(820): Illuminate/Routing/Route->gatherMiddleware()
#6 C:/Users/LENOVO/Documents/X-RPL/Kelas/27-04-2026/backend/vendor/laravel/framework/src/Illuminate/Routing/Router.php(802): Illuminate/Routing/Router->gatherRouteMiddleware(Object(Illuminate/Routing/Route))
#7 C:/Users/LENOVO/Documents/X-RPL/Kelas/27-04-2026/backend/vendor/laravel/framework/src/Illuminate/Routing/Router.php(786): Illuminate/Routing/Router->runRouteWithinStack(Object(Illuminate/Routing/Route), Object(Illuminate/Http/Request))
#8 C:/Users/LENOVO/Documents/X-RPL/Kelas/27-04-2026/backend/vendor/laravel/framework/src/Illuminate/Routing/Router.php(750): Illuminate/Routing/Router->runRoute(Object(Illuminate/Http/Request), Object(Illuminate/Routing/Route))
#9 C:/Users/LENOVO/Documents/X-RPL/Kelas/27-04-2026/backend/vendor/laravel/framework/src/Illuminate/Routing/Router.php(739): Illuminate/Routing/Router->dispatchToRoute(Object(Illuminate/Http/Request))
#10 C:/Users/LENOVO/Documents/X-RPL/Kelas/27-04-2026/backend/vendor/laravel/framework/src/Illuminate/Foundation/Http/Kernel.php(201): Illuminate/Routing/Router->dispatch(Object(Illuminate/Http/Request))
#11 C:/Users/LENOVO/Documents/X-RPL/Kelas/27-04-2026/backend/vendor/laravel/framework/src/Illuminate/Pipeline/Pipeline.php(170): Illuminate/Foundation/Http/Kernel->Illuminate/Foundation/Http/{closure}(Object(Illuminate/Http/Request))
#12 C:/Users/LENOVO/Documents/X-RPL/Kelas/27-04-2026/backend/vendor/laravel/framework/src/Illuminate/Foundation/Http/Middleware/TransformsRequest.php(21): Illuminate/Pipeline/Pipeline->Illuminate/Pipeline/{closure}(Object(Illuminate/Http/Request))
#13 C:/Users/LENOVO/Documents/X-RPL/Kelas/27-04-2026/backend/vendor/laravel/framework/src/Illuminate/Foundation/Http/Middleware/ConvertEmptyStringsToNull.php(31): Illuminate/Foundation/Http/Middleware/TransformsRequest->handle(Object(Illuminate/Http/Request), Object(Closure))
#14 C:/Users/LENOVO/Documents/X-RPL/Kelas/27-04-2026/backend/vendor/laravel/framework/src/Illuminate/Pipeline/Pipeline.php(209): Illuminate/Foundation/Http/Middleware/ConvertEmptyStringsToNull->handle(Object(Illuminate/Http/Request), Object(Closure))
#15 C:/Users/LENOVO/Documents/X-RPL/Kelas/27-04-2026/backend/vendor/laravel/framework/src/Illuminate/Foundation/Http/Middleware/TransformsRequest.php(21): Illuminate/Pipeline/Pipeline->Illuminate/Pipeline/{closure}(Object(Illuminate/Http/Request))
#16 C:/Users/LENOVO/Documents/X-RPL/Kelas/27-04-2026/backend/vendor/laravel/framework/src/Illuminate/Foundation/Http/Middleware/TrimStrings.php(51): Illuminate/Foundation/Http/Middleware/TransformsRequest->handle(Object(Illuminate/Http/Request), Object(Closure))
#17 C:/Users/LENOVO/Documents/X-RPL/Kelas/27-04-2026/backend/vendor/laravel/framework/src/Illuminate/Pipeline/Pipeline.php(209): Illuminate/Foundation/Http/Middleware/TrimStrings->handle(Object(Illuminate/Http/Request), Object(Closure))
#18 C:/Users/LENOVO/Documents/X-RPL/Kelas/27-04-2026/backend/vendor/laravel/framework/src/Illuminate/Http/Middleware/ValidatePostSize.php(27): Illuminate/Pipeline/Pipeline->Illuminate/Pipeline/{closure}(Object(Illuminate/Http/Request))
#19 C:/Users/LENOVO/Documents/X-RPL/Kelas/27-04-2026/backend/vendor/laravel/framework/src/Illuminate/Pipeline/Pipeline.php(209): Illuminate/Http/Middleware/ValidatePostSize->handle(Object(Illuminate/Http/Request), Object(Closure))
#20 C:/Users/LENOVO/Documents/X-RPL/Kelas/27-04-2026/backend/vendor/laravel/framework/src/Illuminate/Foundation/Http/Middleware/PreventRequestsDuringMaintenance.php(110): Illuminate/Pipeline/Pipeline->Illuminate/Pipeline/{closure}(Object(Illuminate/Http/Request))
#21 C:/Users/LENOVO/Documents/X-RPL/Kelas/27-04-2026/backend/vendor/laravel/framework/src/Illuminate/Pipeline/Pipeline.php(209): Illuminate/Foundation/Http/Middleware/PreventRequestsDuringMaintenance->handle(Object(Illuminate/Http/Request), Object(Closure))
#22 C:/Users/LENOVO/Documents/X-RPL/Kelas/27-04-2026/backend/vendor/laravel/framework/src/Illuminate/Http/Middleware/HandleCors.php(62): Illuminate/Pipeline/Pipeline->Illuminate/Pipeline/{closure}(Object(Illuminate/Http/Request))
#23 C:/Users/LENOVO/Documents/X-RPL/Kelas/27-04-2026/backend/vendor/laravel/framework/src/Illuminate/Pipeline/Pipeline.php(209): Illuminate/Http/Middleware/HandleCors->handle(Object(Illuminate/Http/Request), Object(Closure))
#24 C:/Users/LENOVO/Documents/X-RPL/Kelas/27-04-2026/backend/vendor/laravel/framework/src/Illuminate/Http/Middleware/TrustProxies.php(58): Illuminate/Pipeline/Pipeline->Illuminate/Pipeline/{closure}(Object(Illuminate/Http/Request))
#25 C:/Users/LENOVO/Documents/X-RPL/Kelas/27-04-2026/backend/vendor/laravel/framework/src/Illuminate/Pipeline/Pipeline.php(209): Illuminate/Http/Middleware/TrustProxies->handle(Object(Illuminate/Http/Request), Object(Closure))
#26 C:/Users/LENOVO/Documents/X-RPL/Kelas/27-04-2026/backend/vendor/laravel/framework/src/Illuminate/Foundation/Http/Middleware/InvokeDeferredCallbacks.php(22): Illuminate/Pipeline/Pipeline->Illuminate/Pipeline/{closure}(Object(Illuminate/Http/Request))
#27 C:/Users/LENOVO/Documents/X-RPL/Kelas/27-04-2026/backend/vendor/laravel/framework/src/Illuminate/Pipeline/Pipeline.php(209): Illuminate/Foundation/Http/Middleware/InvokeDeferredCallbacks->handle(Object(Illuminate/Http/Request), Object(Closure))
#28 C:/Users/LENOVO/Documents/X-RPL/Kelas/27-04-2026/backend/vendor/laravel/framework/src/Illuminate/Pipeline/Pipeline.php(127): Illuminate/Pipeline/Pipeline->Illuminate/Pipeline/{closure}(Object(Illuminate/Http/Request))
#29 C:/Users/LENOVO/Documents/X-RPL/Kelas/27-04-2026/backend/vendor/laravel/framework/src/Illuminate/Foundation/Http/Kernel.php(176): Illuminate/Pipeline/Pipeline->then(Object(Closure))
#30 C:/Users/LENOVO/Documents/X-RPL/Kelas/27-04-2026/backend/vendor/laravel/framework/src/Illuminate/Foundation/Http/Kernel.php(145): Illuminate/Foundation/Http/Kernel->sendRequestThroughRouter(Object(Illuminate/Http/Request))
#31 C:/Users/LENOVO/Documents/X-RPL/Kelas/27-04-2026/backend/vendor/laravel/framework/src/Illuminate/Foundation/Application.php(1207): Illuminate/Foundation/Http/Kernel->handle(Object(Illuminate/Http/Request))
#32 C:/Users/LENOVO/Documents/X-RPL/Kelas/27-04-2026/backend/public/index.php(19): Illuminate/Foundation/Application->handle(Object(Illuminate/Http/Request))
#33 C:/Users/LENOVO/Documents/X-RPL/Kelas/27-04-2026/backend/vendor/laravel/framework/src/Illuminate/Foundation/resources/server.php(23): require_once('C://Users//LENOVO...')
#34 {main}
"} 
[2026-05-20 16:55:12] local.ERROR: SQLSTATE[42S02]: Base table or view not found: 1146 Table 'tsabitah_gaming_db.cache' doesn't exist (Connection: mysql, SQL: delete from `cache`) {"exception":"[object] (Illuminate\\Database\\QueryException(code: 42S02): SQLSTATE[42S02]: Base table or view not found: 1146 Table 'tsabitah_gaming_db.cache' doesn't exist (Connection: mysql, SQL: delete from `cache`) at C:/Users/LENOVO/Documents/X-RPL/Kelas/27-04-2026/backend/vendor/laravel/framework/src/Illuminate/Database/Connection.php:825)
[stacktrace]
#0 C:/Users/LENOVO/Documents/X-RPL/Kelas/27-04-2026/backend/vendor/laravel/framework/src/Illuminate/Database/Connection.php(779): Illuminate/Database/Connection->runQueryCallback('delete from `ca...', Array, Object(Closure))
#1 C:/Users/LENOVO/Documents/X-RPL/Kelas/27-04-2026/backend/vendor/laravel/framework/src/Illuminate/Database/Connection.php(584): Illuminate/Database/Connection->run('delete from `ca...', Array, Object(Closure))
#2 C:/Users/LENOVO/Documents/X-RPL/Kelas/27-04-2026/backend/vendor/laravel/framework/src/Illuminate/Database/Connection.php(548): Illuminate/Database/Connection->affectingStatement('delete from `ca...', Array)
#3 C:/Users/LENOVO/Documents/X-RPL/Kelas/27-04-2026/backend/vendor/laravel/framework/src/Illuminate/Database/Query/Builder.php(4024): Illuminate/Database/Connection->delete('delete from `ca...', Array)
#4 C:/Users/LENOVO/Documents/X-RPL/Kelas/27-04-2026/backend/vendor/laravel/framework/src/Illuminate/Cache/DatabaseStore.php(422): Illuminate/Database/Query/Builder->delete()
#5 C:/Users/LENOVO/Documents/X-RPL/Kelas/27-04-2026/backend/vendor/laravel/framework/src/Illuminate/Cache/Repository.php(792): Illuminate/Cache/DatabaseStore->flush()
#6 C:/Users/LENOVO/Documents/X-RPL/Kelas/27-04-2026/backend/vendor/laravel/framework/src/Illuminate/Cache/Console/ClearCommand.php(69): Illuminate/Cache/Repository->__call('flush', Array)
#7 C:/Users/LENOVO/Documents/X-RPL/Kelas/27-04-2026/backend/vendor/laravel/framework/src/Illuminate/Container/BoundMethod.php(36): Illuminate/Cache/Console/ClearCommand->handle()
#8 C:/Users/LENOVO/Documents/X-RPL/Kelas/27-04-2026/backend/vendor/laravel/framework/src/Illuminate/Container/Util.php(43): Illuminate/Container/BoundMethod::Illuminate/Container/{closure}()
#9 C:/Users/LENOVO/Documents/X-RPL/Kelas/27-04-2026/backend/vendor/laravel/framework/src/Illuminate/Container/BoundMethod.php(95): Illuminate/Container/Util::unwrapIfClosure(Object(Closure))
#10 C:/Users/LENOVO/Documents/X-RPL/Kelas/27-04-2026/backend/vendor/laravel/framework/src/Illuminate/Container/BoundMethod.php(35): Illuminate/Container/BoundMethod::callBoundMethod(Object(Illuminate/Foundation/Application), Array, Object(Closure))
#11 C:/Users/LENOVO/Documents/X-RPL/Kelas/27-04-2026/backend/vendor/laravel/framework/src/Illuminate/Container/Container.php(696): Illuminate/Container/BoundMethod::call(Object(Illuminate/Foundation/Application), Array, Array, NULL)
#12 C:/Users/LENOVO/Documents/X-RPL/Kelas/27-04-2026/backend/vendor/laravel/framework/src/Illuminate/Console/Command.php(213): Illuminate/Container/Container->call(Array)
#13 C:/Users/LENOVO/Documents/X-RPL/Kelas/27-04-2026/backend/vendor/symfony/console/Command/Command.php(341): Illuminate/Console/Command->execute(Object(Symfony/Component/Console/Input/ArrayInput), Object(Illuminate/Console/OutputStyle))
#14 C:/Users/LENOVO/Documents/X-RPL/Kelas/27-04-2026/backend/vendor/laravel/framework/src/Illuminate/Console/Command.php(182): Symfony/Component/Console/Command/Command->run(Object(Symfony/Component/Console/Input/ArrayInput), Object(Illuminate/Console/OutputStyle))
#15 C:/Users/LENOVO/Documents/X-RPL/Kelas/27-04-2026/backend/vendor/laravel/framework/src/Illuminate/Console/Concerns/CallsCommands.php(68): Illuminate/Console/Command->run(Object(Symfony/Component/Console/Input/ArrayInput), Object(Symfony/Component/Console/Output/NullOutput))
#16 C:/Users/LENOVO/Documents/X-RPL/Kelas/27-04-2026/backend/vendor/laravel/framework/src/Illuminate/Console/Concerns/CallsCommands.php(41): Illuminate/Console/Command->runCommand('cache:clear', Array, Object(Symfony/Component/Console/Output/NullOutput))
#17 C:/Users/LENOVO/Documents/X-RPL/Kelas/27-04-2026/backend/vendor/laravel/framework/src/Illuminate/Console/Concerns/CallsCommands.php(53): Illuminate/Console/Command->callSilent('cache:clear', Array)
#18 C:/Users/LENOVO/Documents/X-RPL/Kelas/27-04-2026/backend/vendor/laravel/framework/src/Illuminate/Foundation/Console/OptimizeClearCommand.php(48): Illuminate/Console/Command->callSilently('cache:clear')
#19 C:/Users/LENOVO/Documents/X-RPL/Kelas/27-04-2026/backend/vendor/laravel/framework/src/Illuminate/Console/View/Components/Task.php(40): Illuminate/Foundation/Console/OptimizeClearCommand->Illuminate/Foundation/Console/{closure}()
#20 C:/Users/LENOVO/Documents/X-RPL/Kelas/27-04-2026/backend/vendor/laravel/framework/src/Illuminate/Console/View/Components/Factory.php(60): Illuminate/Console/View/Components/Task->render('cache', Object(Closure))
#21 C:/Users/LENOVO/Documents/X-RPL/Kelas/27-04-2026/backend/vendor/laravel/framework/src/Illuminate/Foundation/Console/OptimizeClearCommand.php(48): Illuminate/Console/View/Components/Factory->__call('task', Array)
#22 C:/Users/LENOVO/Documents/X-RPL/Kelas/27-04-2026/backend/vendor/laravel/framework/src/Illuminate/Container/BoundMethod.php(36): Illuminate/Foundation/Console/OptimizeClearCommand->handle()
#23 C:/Users/LENOVO/Documents/X-RPL/Kelas/27-04-2026/backend/vendor/laravel/framework/src/Illuminate/Container/Util.php(43): Illuminate/Container/BoundMethod::Illuminate/Container/{closure}()
#24 C:/Users/LENOVO/Documents/X-RPL/Kelas/27-04-2026/backend/vendor/laravel/framework/src/Illuminate/Container/BoundMethod.php(95): Illuminate/Container/Util::unwrapIfClosure(Object(Closure))
#25 C:/Users/LENOVO/Documents/X-RPL/Kelas/27-04-2026/backend/vendor/laravel/framework/src/Illuminate/Container/BoundMethod.php(35): Illuminate/Container/BoundMethod::callBoundMethod(Object(Illuminate/Foundation/Application), Array, Object(Closure))
#26 C:/Users/LENOVO/Documents/X-RPL/Kelas/27-04-2026/backend/vendor/laravel/framework/src/Illuminate/Container/Container.php(696): Illuminate/Container/BoundMethod::call(Object(Illuminate/Foundation/Application), Array, Array, NULL)
#27 C:/Users/LENOVO/Documents/X-RPL/Kelas/27-04-2026/backend/vendor/laravel/framework/src/Illuminate/Console/Command.php(213): Illuminate/Container/Container->call(Array)
#28 C:/Users/LENOVO/Documents/X-RPL/Kelas/27-04-2026/backend/vendor/symfony/console/Command/Command.php(341): Illuminate/Console/Command->execute(Object(Symfony/Component/Console/Input/ArgvInput), Object(Illuminate/Console/OutputStyle))
#29 C:/Users/LENOVO/Documents/X-RPL/Kelas/27-04-2026/backend/vendor/laravel/framework/src/Illuminate/Console/Command.php(182): Symfony/Component/Console/Command/Command->run(Object(Symfony/Component/Console/Input/ArgvInput), Object(Illuminate/Console/OutputStyle))
#30 C:/Users/LENOVO/Documents/X-RPL/Kelas/27-04-2026/backend/vendor/symfony/console/Application.php(1117): Illuminate/Console/Command->run(Object(Symfony/Component/Console/Input/ArgvInput), Object(Symfony/Component/Console/Output/ConsoleOutput))
#31 C:/Users/LENOVO/Documents/X-RPL/Kelas/27-04-2026/backend/vendor/symfony/console/Application.php(356): Symfony/Component/Console/Application->doRunCommand(Object(Illuminate/Foundation/Console/OptimizeClearCommand), Object(Symfony/Component/Console/Input/ArgvInput), Object(Symfony/Component/Console/Output/ConsoleOutput))
#32 C:/Users/LENOVO/Documents/X-RPL/Kelas/27-04-2026/backend/vendor/symfony/console/Application.php(195): Symfony/Component/Console/Application->doRun(Object(Symfony/Component/Console/Input/ArgvInput), Object(Symfony/Component/Console/Output/ConsoleOutput))
#33 C:/Users/LENOVO/Documents/X-RPL/Kelas/27-04-2026/backend/vendor/laravel/framework/src/Illuminate/Foundation/Console/Kernel.php(198): Symfony/Component/Console/Application->run(Object(Symfony/Component/Console/Input/ArgvInput), Object(Symfony/Component/Console/Output/ConsoleOutput))
#34 C:/Users/LENOVO/Documents/X-RPL/Kelas/27-04-2026/backend/artisan(14): Illuminate/Foundation/Console/Kernel->handle(Object(Symfony/Component/Console/Input/ArgvInput), Object(Symfony/Component/Console/Output/ConsoleOutput))
#35 {main}

[previous exception] [object] (PDOException(code: 42S02): SQLSTATE[42S02]: Base table or view not found: 1146 Table 'tsabitah_gaming_db.cache' doesn't exist at C:/Users/LENOVO/Documents/X-RPL/Kelas/27-04-2026/backend/vendor/laravel/framework/src/Illuminate/Database/Connection.php:592)
[stacktrace]
#0 C:/Users/LENOVO/Documents/X-RPL/Kelas/27-04-2026/backend/vendor/laravel/framework/src/Illuminate/Database/Connection.php(592): PDO->prepare('delete from `ca...')
#1 C:/Users/LENOVO/Documents/X-RPL/Kelas/27-04-2026/backend/vendor/laravel/framework/src/Illuminate/Database/Connection.php(812): Illuminate/Database/Connection->Illuminate/Database/{closure}('delete from `ca...', Array)
#2 C:/Users/LENOVO/Documents/X-RPL/Kelas/27-04-2026/backend/vendor/laravel/framework/src/Illuminate/Database/Connection.php(779): Illuminate/Database/Connection->runQueryCallback('delete from `ca...', Array, Object(Closure))
#3 C:/Users/LENOVO/Documents/X-RPL/Kelas/27-04-2026/backend/vendor/laravel/framework/src/Illuminate/Database/Connection.php(584): Illuminate/Database/Connection->run('delete from `ca...', Array, Object(Closure))
#4 C:/Users/LENOVO/Documents/X-RPL/Kelas/27-04-2026/backend/vendor/laravel/framework/src/Illuminate/Database/Connection.php(548): Illuminate/Database/Connection->affectingStatement('delete from `ca...', Array)
#5 C:/Users/LENOVO/Documents/X-RPL/Kelas/27-04-2026/backend/vendor/laravel/framework/src/Illuminate/Database/Query/Builder.php(4024): Illuminate/Database/Connection->delete('delete from `ca...', Array)
#6 C:/Users/LENOVO/Documents/X-RPL/Kelas/27-04-2026/backend/vendor/laravel/framework/src/Illuminate/Cache/DatabaseStore.php(422): Illuminate/Database/Query/Builder->delete()
#7 C:/Users/LENOVO/Documents/X-RPL/Kelas/27-04-2026/backend/vendor/laravel/framework/src/Illuminate/Cache/Repository.php(792): Illuminate/Cache/DatabaseStore->flush()
#8 C:/Users/LENOVO/Documents/X-RPL/Kelas/27-04-2026/backend/vendor/laravel/framework/src/Illuminate/Cache/Console/ClearCommand.php(69): Illuminate/Cache/Repository->__call('flush', Array)
#9 C:/Users/LENOVO/Documents/X-RPL/Kelas/27-04-2026/backend/vendor/laravel/framework/src/Illuminate/Container/BoundMethod.php(36): Illuminate/Cache/Console/ClearCommand->handle()
#10 C:/Users/LENOVO/Documents/X-RPL/Kelas/27-04-2026/backend/vendor/laravel/framework/src/Illuminate/Container/Util.php(43): Illuminate/Container/BoundMethod::Illuminate/Container/{closure}()
#11 C:/Users/LENOVO/Documents/X-RPL/Kelas/27-04-2026/backend/vendor/laravel/framework/src/Illuminate/Container/BoundMethod.php(95): Illuminate/Container/Util::unwrapIfClosure(Object(Closure))
#12 C:/Users/LENOVO/Documents/X-RPL/Kelas/27-04-2026/backend/vendor/laravel/framework/src/Illuminate/Container/BoundMethod.php(35): Illuminate/Container/BoundMethod::callBoundMethod(Object(Illuminate/Foundation/Application), Array, Object(Closure))
#13 C:/Users/LENOVO/Documents/X-RPL/Kelas/27-04-2026/backend/vendor/laravel/framework/src/Illuminate/Container/Container.php(696): Illuminate/Container/BoundMethod::call(Object(Illuminate/Foundation/Application), Array, Array, NULL)
#14 C:/Users/LENOVO/Documents/X-RPL/Kelas/27-04-2026/backend/vendor/laravel/framework/src/Illuminate/Console/Command.php(213): Illuminate/Container/Container->call(Array)
#15 C:/Users/LENOVO/Documents/X-RPL/Kelas/27-04-2026/backend/vendor/symfony/console/Command/Command.php(341): Illuminate/Console/Command->execute(Object(Symfony/Component/Console/Input/ArrayInput), Object(Illuminate/Console/OutputStyle))
#16 C:/Users/LENOVO/Documents/X-RPL/Kelas/27-04-2026/backend/vendor/laravel/framework/src/Illuminate/Console/Command.php(182): Symfony/Component/Console/Command/Command->run(Object(Symfony/Component/Console/Input/ArrayInput), Object(Illuminate/Console/OutputStyle))
#17 C:/Users/LENOVO/Documents/X-RPL/Kelas/27-04-2026/backend/vendor/laravel/framework/src/Illuminate/Console/Concerns/CallsCommands.php(68): Illuminate/Console/Command->run(Object(Symfony/Component/Console/Input/ArrayInput), Object(Symfony/Component/Console/Output/NullOutput))
#18 C:/Users/LENOVO/Documents/X-RPL/Kelas/27-04-2026/backend/vendor/laravel/framework/src/Illuminate/Console/Concerns/CallsCommands.php(41): Illuminate/Console/Command->runCommand('cache:clear', Array, Object(Symfony/Component/Console/Output/NullOutput))
#19 C:/Users/LENOVO/Documents/X-RPL/Kelas/27-04-2026/backend/vendor/laravel/framework/src/Illuminate/Console/Concerns/CallsCommands.php(53): Illuminate/Console/Command->callSilent('cache:clear', Array)
#20 C:/Users/LENOVO/Documents/X-RPL/Kelas/27-04-2026/backend/vendor/laravel/framework/src/Illuminate/Foundation/Console/OptimizeClearCommand.php(48): Illuminate/Console/Command->callSilently('cache:clear')
#21 C:/Users/LENOVO/Documents/X-RPL/Kelas/27-04-2026/backend/vendor/laravel/framework/src/Illuminate/Console/View/Components/Task.php(40): Illuminate/Foundation/Console/OptimizeClearCommand->Illuminate/Foundation/Console/{closure}()
#22 C:/Users/LENOVO/Documents/X-RPL/Kelas/27-04-2026/backend/vendor/laravel/framework/src/Illuminate/Console/View/Components/Factory.php(60): Illuminate/Console/View/Components/Task->render('cache', Object(Closure))
#23 C:/Users/LENOVO/Documents/X-RPL/Kelas/27-04-2026/backend/vendor/laravel/framework/src/Illuminate/Foundation/Console/OptimizeClearCommand.php(48): Illuminate/Console/View/Components/Factory->__call('task', Array)
#24 C:/Users/LENOVO/Documents/X-RPL/Kelas/27-04-2026/backend/vendor/laravel/framework/src/Illuminate/Container/BoundMethod.php(36): Illuminate/Foundation/Console/OptimizeClearCommand->handle()
#25 C:/Users/LENOVO/Documents/X-RPL/Kelas/27-04-2026/backend/vendor/laravel/framework/src/Illuminate/Container/Util.php(43): Illuminate/Container/BoundMethod::Illuminate/Container/{closure}()
#26 C:/Users/LENOVO/Documents/X-RPL/Kelas/27-04-2026/backend/vendor/laravel/framework/src/Illuminate/Container/BoundMethod.php(95): Illuminate/Container/Util::unwrapIfClosure(Object(Closure))
#27 C:/Users/LENOVO/Documents/X-RPL/Kelas/27-04-2026/backend/vendor/laravel/framework/src/Illuminate/Container/BoundMethod.php(35): Illuminate/Container/BoundMethod::callBoundMethod(Object(Illuminate/Foundation/Application), Array, Object(Closure))
#28 C:/Users/LENOVO/Documents/X-RPL/Kelas/27-04-2026/backend/vendor/laravel/framework/src/Illuminate/Container/Container.php(696): Illuminate/Container/BoundMethod::call(Object(Illuminate/Foundation/Application), Array, Array, NULL)
#29 C:/Users/LENOVO/Documents/X-RPL/Kelas/27-04-2026/backend/vendor/laravel/framework/src/Illuminate/Console/Command.php(213): Illuminate/Container/Container->call(Array)
#30 C:/Users/LENOVO/Documents/X-RPL/Kelas/27-04-2026/backend/vendor/symfony/console/Command/Command.php(341): Illuminate/Console/Command->execute(Object(Symfony/Component/Console/Input/ArgvInput), Object(Illuminate/Console/OutputStyle))
#31 C:/Users/LENOVO/Documents/X-RPL/Kelas/27-04-2026/backend/vendor/laravel/framework/src/Illuminate/Console/Command.php(182): Symfony/Component/Console/Command/Command->run(Object(Symfony/Component/Console/Input/ArgvInput), Object(Illuminate/Console/OutputStyle))
#32 C:/Users/LENOVO/Documents/X-RPL/Kelas/27-04-2026/backend/vendor/symfony/console/Application.php(1117): Illuminate/Console/Command->run(Object(Symfony/Component/Console/Input/ArgvInput), Object(Symfony/Component/Console/Output/ConsoleOutput))
#33 C:/Users/LENOVO/Documents/X-RPL/Kelas/27-04-2026/backend/vendor/symfony/console/Application.php(356): Symfony/Component/Console/Application->doRunCommand(Object(Illuminate/Foundation/Console/OptimizeClearCommand), Object(Symfony/Component/Console/Input/ArgvInput), Object(Symfony/Component/Console/Output/ConsoleOutput))
#34 C:/Users/LENOVO/Documents/X-RPL/Kelas/27-04-2026/backend/vendor/symfony/console/Application.php(195): Symfony/Component/Console/Application->doRun(Object(Symfony/Component/Console/Input/ArgvInput), Object(Symfony/Component/Console/Output/ConsoleOutput))
#35 C:/Users/LENOVO/Documents/X-RPL/Kelas/27-04-2026/backend/vendor/laravel/framework/src/Illuminate/Foundation/Console/Kernel.php(198): Symfony/Component/Console/Application->run(Object(Symfony/Component/Console/Input/ArgvInput), Object(Symfony/Component/Console/Output/ConsoleOutput))
#36 C:/Users/LENOVO/Documents/X-RPL/Kelas/27-04-2026/backend/artisan(14): Illuminate/Foundation/Console/Kernel->handle(Object(Symfony/Component/Console/Input/ArgvInput), Object(Symfony/Component/Console/Output/ConsoleOutput))
#37 {main}
"} 
[2026-05-20 16:59:59] local.ERROR: SQLSTATE[42S02]: Base table or view not found: 1146 Table 'tsabitah_gaming_db.sessions' doesn't exist (Connection: mysql, SQL: select * from `sessions` where `id` = 1XCmUKGhJDZl7nFWTxbf8xvlsRHvSoAL81x4dEA9 limit 1) {"exception":"[object] (Illuminate\\Database\\QueryException(code: 42S02): SQLSTATE[42S02]: Base table or view not found: 1146 Table 'tsabitah_gaming_db.sessions' doesn't exist (Connection: mysql, SQL: select * from `sessions` where `id` = 1XCmUKGhJDZl7nFWTxbf8xvlsRHvSoAL81x4dEA9 limit 1) at C:/Users/LENOVO/Documents/X-RPL/Kelas/27-04-2026/backend/vendor/laravel/framework/src/Illuminate/Database/Connection.php:825)
[stacktrace]
#0 C:/Users/LENOVO/Documents/X-RPL/Kelas/27-04-2026/backend/vendor/laravel/framework/src/Illuminate/Database/Connection.php(779): Illuminate/Database/Connection->runQueryCallback('select * from `...', Array, Object(Closure))
#1 C:/Users/LENOVO/Documents/X-RPL/Kelas/27-04-2026/backend/vendor/laravel/framework/src/Illuminate/Database/Connection.php(398): Illuminate/Database/Connection->run('select * from `...', Array, Object(Closure))
#2 C:/Users/LENOVO/Documents/X-RPL/Kelas/27-04-2026/backend/vendor/laravel/framework/src/Illuminate/Database/Query/Builder.php(3106): Illuminate/Database/Connection->select('select * from `...', Array, false)
#3 C:/Users/LENOVO/Documents/X-RPL/Kelas/27-04-2026/backend/vendor/laravel/framework/src/Illuminate/Database/Query/Builder.php(3091): Illuminate/Database/Query/Builder->runSelect()
#4 C:/Users/LENOVO/Documents/X-RPL/Kelas/27-04-2026/backend/vendor/laravel/framework/src/Illuminate/Database/Query/Builder.php(3676): Illuminate/Database/Query/Builder->Illuminate/Database/Query/{closure}()
#5 C:/Users/LENOVO/Documents/X-RPL/Kelas/27-04-2026/backend/vendor/laravel/framework/src/Illuminate/Database/Query/Builder.php(3090): Illuminate/Database/Query/Builder->onceWithColumns(Array, Object(Closure))
#6 C:/Users/LENOVO/Documents/X-RPL/Kelas/27-04-2026/backend/vendor/laravel/framework/src/Illuminate/Database/Concerns/BuildsQueries.php(343): Illuminate/Database/Query/Builder->get(Array)
#7 C:/Users/LENOVO/Documents/X-RPL/Kelas/27-04-2026/backend/vendor/laravel/framework/src/Illuminate/Database/Query/Builder.php(3013): Illuminate/Database/Query/Builder->first(Array)
#8 C:/Users/LENOVO/Documents/X-RPL/Kelas/27-04-2026/backend/vendor/laravel/framework/src/Illuminate/Session/DatabaseSessionHandler.php(97): Illuminate/Database/Query/Builder->find('1XCmUKGhJDZl7nF...')
#9 C:/Users/LENOVO/Documents/X-RPL/Kelas/27-04-2026/backend/vendor/laravel/framework/src/Illuminate/Session/Store.php(117): Illuminate/Session/DatabaseSessionHandler->read('1XCmUKGhJDZl7nF...')
#10 C:/Users/LENOVO/Documents/X-RPL/Kelas/27-04-2026/backend/vendor/laravel/framework/src/Illuminate/Session/Store.php(105): Illuminate/Session/Store->readFromHandler()
#11 C:/Users/LENOVO/Documents/X-RPL/Kelas/27-04-2026/backend/vendor/laravel/framework/src/Illuminate/Session/Store.php(89): Illuminate/Session/Store->loadSession()
#12 C:/Users/LENOVO/Documents/X-RPL/Kelas/27-04-2026/backend/vendor/laravel/framework/src/Illuminate/Session/Middleware/StartSession.php(147): Illuminate/Session/Store->start()
#13 C:/Users/LENOVO/Documents/X-RPL/Kelas/27-04-2026/backend/vendor/laravel/framework/src/Illuminate/Support/helpers.php(399): Illuminate/Session/Middleware/StartSession->Illuminate/Session/Middleware/{closure}(Object(Illuminate/Session/Store))
#14 C:/Users/LENOVO/Documents/X-RPL/Kelas/27-04-2026/backend/vendor/laravel/framework/src/Illuminate/Session/Middleware/StartSession.php(144): tap(Object(Illuminate/Session/Store), Object(Closure))
#15 C:/Users/LENOVO/Documents/X-RPL/Kelas/27-04-2026/backend/vendor/laravel/framework/src/Illuminate/Session/Middleware/StartSession.php(116): Illuminate/Session/Middleware/StartSession->startSession(Object(Illuminate/Http/Request), Object(Illuminate/Session/Store))
#16 C:/Users/LENOVO/Documents/X-RPL/Kelas/27-04-2026/backend/vendor/laravel/framework/src/Illuminate/Session/Middleware/StartSession.php(64): Illuminate/Session/Middleware/StartSession->handleStatefulRequest(Object(Illuminate/Http/Request), Object(Illuminate/Session/Store), Object(Closure))
#17 C:/Users/LENOVO/Documents/X-RPL/Kelas/27-04-2026/backend/vendor/laravel/framework/src/Illuminate/Pipeline/Pipeline.php(209): Illuminate/Session/Middleware/StartSession->handle(Object(Illuminate/Http/Request), Object(Closure))
#18 C:/Users/LENOVO/Documents/X-RPL/Kelas/27-04-2026/backend/vendor/laravel/framework/src/Illuminate/Cookie/Middleware/AddQueuedCookiesToResponse.php(37): Illuminate/Pipeline/Pipeline->Illuminate/Pipeline/{closure}(Object(Illuminate/Http/Request))
#19 C:/Users/LENOVO/Documents/X-RPL/Kelas/27-04-2026/backend/vendor/laravel/framework/src/Illuminate/Pipeline/Pipeline.php(209): Illuminate/Cookie/Middleware/AddQueuedCookiesToResponse->handle(Object(Illuminate/Http/Request), Object(Closure))
#20 C:/Users/LENOVO/Documents/X-RPL/Kelas/27-04-2026/backend/vendor/laravel/framework/src/Illuminate/Cookie/Middleware/EncryptCookies.php(75): Illuminate/Pipeline/Pipeline->Illuminate/Pipeline/{closure}(Object(Illuminate/Http/Request))
#21 C:/Users/LENOVO/Documents/X-RPL/Kelas/27-04-2026/backend/vendor/laravel/framework/src/Illuminate/Pipeline/Pipeline.php(209): Illuminate/Cookie/Middleware/EncryptCookies->handle(Object(Illuminate/Http/Request), Object(Closure))
#22 C:/Users/LENOVO/Documents/X-RPL/Kelas/27-04-2026/backend/vendor/laravel/framework/src/Illuminate/Pipeline/Pipeline.php(127): Illuminate/Pipeline/Pipeline->Illuminate/Pipeline/{closure}(Object(Illuminate/Http/Request))
#23 C:/Users/LENOVO/Documents/X-RPL/Kelas/27-04-2026/backend/vendor/laravel/framework/src/Illuminate/Routing/Router.php(807): Illuminate/Pipeline/Pipeline->then(Object(Closure))
#24 C:/Users/LENOVO/Documents/X-RPL/Kelas/27-04-2026/backend/vendor/laravel/framework/src/Illuminate/Routing/Router.php(786): Illuminate/Routing/Router->runRouteWithinStack(Object(Illuminate/Routing/Route), Object(Illuminate/Http/Request))
#25 C:/Users/LENOVO/Documents/X-RPL/Kelas/27-04-2026/backend/vendor/laravel/framework/src/Illuminate/Routing/Router.php(750): Illuminate/Routing/Router->runRoute(Object(Illuminate/Http/Request), Object(Illuminate/Routing/Route))
#26 C:/Users/LENOVO/Documents/X-RPL/Kelas/27-04-2026/backend/vendor/laravel/framework/src/Illuminate/Routing/Router.php(739): Illuminate/Routing/Router->dispatchToRoute(Object(Illuminate/Http/Request))
#27 C:/Users/LENOVO/Documents/X-RPL/Kelas/27-04-2026/backend/vendor/laravel/framework/src/Illuminate/Foundation/Http/Kernel.php(201): Illuminate/Routing/Router->dispatch(Object(Illuminate/Http/Request))
#28 C:/Users/LENOVO/Documents/X-RPL/Kelas/27-04-2026/backend/vendor/laravel/framework/src/Illuminate/Pipeline/Pipeline.php(170): Illuminate/Foundation/Http/Kernel->Illuminate/Foundation/Http/{closure}(Object(Illuminate/Http/Request))
#29 C:/Users/LENOVO/Documents/X-RPL/Kelas/27-04-2026/backend/vendor/laravel/framework/src/Illuminate/Foundation/Http/Middleware/TransformsRequest.php(21): Illuminate/Pipeline/Pipeline->Illuminate/Pipeline/{closure}(Object(Illuminate/Http/Request))
#30 C:/Users/LENOVO/Documents/X-RPL/Kelas/27-04-2026/backend/vendor/laravel/framework/src/Illuminate/Foundation/Http/Middleware/ConvertEmptyStringsToNull.php(31): Illuminate/Foundation/Http/Middleware/TransformsRequest->handle(Object(Illuminate/Http/Request), Object(Closure))
#31 C:/Users/LENOVO/Documents/X-RPL/Kelas/27-04-2026/backend/vendor/laravel/framework/src/Illuminate/Pipeline/Pipeline.php(209): Illuminate/Foundation/Http/Middleware/ConvertEmptyStringsToNull->handle(Object(Illuminate/Http/Request), Object(Closure))
#32 C:/Users/LENOVO/Documents/X-RPL/Kelas/27-04-2026/backend/vendor/laravel/framework/src/Illuminate/Foundation/Http/Middleware/TransformsRequest.php(21): Illuminate/Pipeline/Pipeline->Illuminate/Pipeline/{closure}(Object(Illuminate/Http/Request))
#33 C:/Users/LENOVO/Documents/X-RPL/Kelas/27-04-2026/backend/vendor/laravel/framework/src/Illuminate/Foundation/Http/Middleware/TrimStrings.php(51): Illuminate/Foundation/Http/Middleware/TransformsRequest->handle(Object(Illuminate/Http/Request), Object(Closure))
#34 C:/Users/LENOVO/Documents/X-RPL/Kelas/27-04-2026/backend/vendor/laravel/framework/src/Illuminate/Pipeline/Pipeline.php(209): Illuminate/Foundation/Http/Middleware/TrimStrings->handle(Object(Illuminate/Http/Request), Object(Closure))
#35 C:/Users/LENOVO/Documents/X-RPL/Kelas/27-04-2026/backend/vendor/laravel/framework/src/Illuminate/Http/Middleware/ValidatePostSize.php(27): Illuminate/Pipeline/Pipeline->Illuminate/Pipeline/{closure}(Object(Illuminate/Http/Request))
#36 C:/Users/LENOVO/Documents/X-RPL/Kelas/27-04-2026/backend/vendor/laravel/framework/src/Illuminate/Pipeline/Pipeline.php(209): Illuminate/Http/Middleware/ValidatePostSize->handle(Object(Illuminate/Http/Request), Object(Closure))
#37 C:/Users/LENOVO/Documents/X-RPL/Kelas/27-04-2026/backend/vendor/laravel/framework/src/Illuminate/Foundation/Http/Middleware/PreventRequestsDuringMaintenance.php(110): Illuminate/Pipeline/Pipeline->Illuminate/Pipeline/{closure}(Object(Illuminate/Http/Request))
#38 C:/Users/LENOVO/Documents/X-RPL/Kelas/27-04-2026/backend/vendor/laravel/framework/src/Illuminate/Pipeline/Pipeline.php(209): Illuminate/Foundation/Http/Middleware/PreventRequestsDuringMaintenance->handle(Object(Illuminate/Http/Request), Object(Closure))
#39 C:/Users/LENOVO/Documents/X-RPL/Kelas/27-04-2026/backend/vendor/laravel/framework/src/Illuminate/Http/Middleware/HandleCors.php(49): Illuminate/Pipeline/Pipeline->Illuminate/Pipeline/{closure}(Object(Illuminate/Http/Request))
#40 C:/Users/LENOVO/Documents/X-RPL/Kelas/27-04-2026/backend/vendor/laravel/framework/src/Illuminate/Pipeline/Pipeline.php(209): Illuminate/Http/Middleware/HandleCors->handle(Object(Illuminate/Http/Request), Object(Closure))
#41 C:/Users/LENOVO/Documents/X-RPL/Kelas/27-04-2026/backend/vendor/laravel/framework/src/Illuminate/Http/Middleware/TrustProxies.php(58): Illuminate/Pipeline/Pipeline->Illuminate/Pipeline/{closure}(Object(Illuminate/Http/Request))
#42 C:/Users/LENOVO/Documents/X-RPL/Kelas/27-04-2026/backend/vendor/laravel/framework/src/Illuminate/Pipeline/Pipeline.php(209): Illuminate/Http/Middleware/TrustProxies->handle(Object(Illuminate/Http/Request), Object(Closure))
#43 C:/Users/LENOVO/Documents/X-RPL/Kelas/27-04-2026/backend/vendor/laravel/framework/src/Illuminate/Foundation/Http/Middleware/InvokeDeferredCallbacks.php(22): Illuminate/Pipeline/Pipeline->Illuminate/Pipeline/{closure}(Object(Illuminate/Http/Request))
#44 C:/Users/LENOVO/Documents/X-RPL/Kelas/27-04-2026/backend/vendor/laravel/framework/src/Illuminate/Pipeline/Pipeline.php(209): Illuminate/Foundation/Http/Middleware/InvokeDeferredCallbacks->handle(Object(Illuminate/Http/Request), Object(Closure))
#45 C:/Users/LENOVO/Documents/X-RPL/Kelas/27-04-2026/backend/vendor/laravel/framework/src/Illuminate/Pipeline/Pipeline.php(127): Illuminate/Pipeline/Pipeline->Illuminate/Pipeline/{closure}(Object(Illuminate/Http/Request))
#46 C:/Users/LENOVO/Documents/X-RPL/Kelas/27-04-2026/backend/vendor/laravel/framework/src/Illuminate/Foundation/Http/Kernel.php(176): Illuminate/Pipeline/Pipeline->then(Object(Closure))
#47 C:/Users/LENOVO/Documents/X-RPL/Kelas/27-04-2026/backend/vendor/laravel/framework/src/Illuminate/Foundation/Http/Kernel.php(145): Illuminate/Foundation/Http/Kernel->sendRequestThroughRouter(Object(Illuminate/Http/Request))
#48 C:/Users/LENOVO/Documents/X-RPL/Kelas/27-04-2026/backend/vendor/laravel/framework/src/Illuminate/Foundation/Application.php(1207): Illuminate/Foundation/Http/Kernel->handle(Object(Illuminate/Http/Request))
#49 C:/Users/LENOVO/Documents/X-RPL/Kelas/27-04-2026/backend/public/index.php(19): Illuminate/Foundation/Application->handle(Object(Illuminate/Http/Request))
#50 C:/Users/LENOVO/Documents/X-RPL/Kelas/27-04-2026/backend/vendor/laravel/framework/src/Illuminate/Foundation/resources/server.php(23): require_once('C://Users//LENOVO...')
#51 {main}

[previous exception] [object] (PDOException(code: 42S02): SQLSTATE[42S02]: Base table or view not found: 1146 Table 'tsabitah_gaming_db.sessions' doesn't exist at C:/Users/LENOVO/Documents/X-RPL/Kelas/27-04-2026/backend/vendor/laravel/framework/src/Illuminate/Database/Connection.php:407)
[stacktrace]
#0 C:/Users/LENOVO/Documents/X-RPL/Kelas/27-04-2026/backend/vendor/laravel/framework/src/Illuminate/Database/Connection.php(407): PDO->prepare('select * from `...')
#1 C:/Users/LENOVO/Documents/X-RPL/Kelas/27-04-2026/backend/vendor/laravel/framework/src/Illuminate/Database/Connection.php(812): Illuminate/Database/Connection->Illuminate/Database/{closure}('select * from `...', Array)
#2 C:/Users/LENOVO/Documents/X-RPL/Kelas/27-04-2026/backend/vendor/laravel/framework/src/Illuminate/Database/Connection.php(779): Illuminate/Database/Connection->runQueryCallback('select * from `...', Array, Object(Closure))
#3 C:/Users/LENOVO/Documents/X-RPL/Kelas/27-04-2026/backend/vendor/laravel/framework/src/Illuminate/Database/Connection.php(398): Illuminate/Database/Connection->run('select * from `...', Array, Object(Closure))
#4 C:/Users/LENOVO/Documents/X-RPL/Kelas/27-04-2026/backend/vendor/laravel/framework/src/Illuminate/Database/Query/Builder.php(3106): Illuminate/Database/Connection->select('select * from `...', Array, false)
#5 C:/Users/LENOVO/Documents/X-RPL/Kelas/27-04-2026/backend/vendor/laravel/framework/src/Illuminate/Database/Query/Builder.php(3091): Illuminate/Database/Query/Builder->runSelect()
#6 C:/Users/LENOVO/Documents/X-RPL/Kelas/27-04-2026/backend/vendor/laravel/framework/src/Illuminate/Database/Query/Builder.php(3676): Illuminate/Database/Query/Builder->Illuminate/Database/Query/{closure}()
#7 C:/Users/LENOVO/Documents/X-RPL/Kelas/27-04-2026/backend/vendor/laravel/framework/src/Illuminate/Database/Query/Builder.php(3090): Illuminate/Database/Query/Builder->onceWithColumns(Array, Object(Closure))
#8 C:/Users/LENOVO/Documents/X-RPL/Kelas/27-04-2026/backend/vendor/laravel/framework/src/Illuminate/Database/Concerns/BuildsQueries.php(343): Illuminate/Database/Query/Builder->get(Array)
#9 C:/Users/LENOVO/Documents/X-RPL/Kelas/27-04-2026/backend/vendor/laravel/framework/src/Illuminate/Database/Query/Builder.php(3013): Illuminate/Database/Query/Builder->first(Array)
#10 C:/Users/LENOVO/Documents/X-RPL/Kelas/27-04-2026/backend/vendor/laravel/framework/src/Illuminate/Session/DatabaseSessionHandler.php(97): Illuminate/Database/Query/Builder->find('1XCmUKGhJDZl7nF...')
#11 C:/Users/LENOVO/Documents/X-RPL/Kelas/27-04-2026/backend/vendor/laravel/framework/src/Illuminate/Session/Store.php(117): Illuminate/Session/DatabaseSessionHandler->read('1XCmUKGhJDZl7nF...')
#12 C:/Users/LENOVO/Documents/X-RPL/Kelas/27-04-2026/backend/vendor/laravel/framework/src/Illuminate/Session/Store.php(105): Illuminate/Session/Store->readFromHandler()
#13 C:/Users/LENOVO/Documents/X-RPL/Kelas/27-04-2026/backend/vendor/laravel/framework/src/Illuminate/Session/Store.php(89): Illuminate/Session/Store->loadSession()
#14 C:/Users/LENOVO/Documents/X-RPL/Kelas/27-04-2026/backend/vendor/laravel/framework/src/Illuminate/Session/Middleware/StartSession.php(147): Illuminate/Session/Store->start()
#15 C:/Users/LENOVO/Documents/X-RPL/Kelas/27-04-2026/backend/vendor/laravel/framework/src/Illuminate/Support/helpers.php(399): Illuminate/Session/Middleware/StartSession->Illuminate/Session/Middleware/{closure}(Object(Illuminate/Session/Store))
#16 C:/Users/LENOVO/Documents/X-RPL/Kelas/27-04-2026/backend/vendor/laravel/framework/src/Illuminate/Session/Middleware/StartSession.php(144): tap(Object(Illuminate/Session/Store), Object(Closure))
#17 C:/Users/LENOVO/Documents/X-RPL/Kelas/27-04-2026/backend/vendor/laravel/framework/src/Illuminate/Session/Middleware/StartSession.php(116): Illuminate/Session/Middleware/StartSession->startSession(Object(Illuminate/Http/Request), Object(Illuminate/Session/Store))
#18 C:/Users/LENOVO/Documents/X-RPL/Kelas/27-04-2026/backend/vendor/laravel/framework/src/Illuminate/Session/Middleware/StartSession.php(64): Illuminate/Session/Middleware/StartSession->handleStatefulRequest(Object(Illuminate/Http/Request), Object(Illuminate/Session/Store), Object(Closure))
#19 C:/Users/LENOVO/Documents/X-RPL/Kelas/27-04-2026/backend/vendor/laravel/framework/src/Illuminate/Pipeline/Pipeline.php(209): Illuminate/Session/Middleware/StartSession->handle(Object(Illuminate/Http/Request), Object(Closure))
#20 C:/Users/LENOVO/Documents/X-RPL/Kelas/27-04-2026/backend/vendor/laravel/framework/src/Illuminate/Cookie/Middleware/AddQueuedCookiesToResponse.php(37): Illuminate/Pipeline/Pipeline->Illuminate/Pipeline/{closure}(Object(Illuminate/Http/Request))
#21 C:/Users/LENOVO/Documents/X-RPL/Kelas/27-04-2026/backend/vendor/laravel/framework/src/Illuminate/Pipeline/Pipeline.php(209): Illuminate/Cookie/Middleware/AddQueuedCookiesToResponse->handle(Object(Illuminate/Http/Request), Object(Closure))
#22 C:/Users/LENOVO/Documents/X-RPL/Kelas/27-04-2026/backend/vendor/laravel/framework/src/Illuminate/Cookie/Middleware/EncryptCookies.php(75): Illuminate/Pipeline/Pipeline->Illuminate/Pipeline/{closure}(Object(Illuminate/Http/Request))
#23 C:/Users/LENOVO/Documents/X-RPL/Kelas/27-04-2026/backend/vendor/laravel/framework/src/Illuminate/Pipeline/Pipeline.php(209): Illuminate/Cookie/Middleware/EncryptCookies->handle(Object(Illuminate/Http/Request), Object(Closure))
#24 C:/Users/LENOVO/Documents/X-RPL/Kelas/27-04-2026/backend/vendor/laravel/framework/src/Illuminate/Pipeline/Pipeline.php(127): Illuminate/Pipeline/Pipeline->Illuminate/Pipeline/{closure}(Object(Illuminate/Http/Request))
#25 C:/Users/LENOVO/Documents/X-RPL/Kelas/27-04-2026/backend/vendor/laravel/framework/src/Illuminate/Routing/Router.php(807): Illuminate/Pipeline/Pipeline->then(Object(Closure))
#26 C:/Users/LENOVO/Documents/X-RPL/Kelas/27-04-2026/backend/vendor/laravel/framework/src/Illuminate/Routing/Router.php(786): Illuminate/Routing/Router->runRouteWithinStack(Object(Illuminate/Routing/Route), Object(Illuminate/Http/Request))
#27 C:/Users/LENOVO/Documents/X-RPL/Kelas/27-04-2026/backend/vendor/laravel/framework/src/Illuminate/Routing/Router.php(750): Illuminate/Routing/Router->runRoute(Object(Illuminate/Http/Request), Object(Illuminate/Routing/Route))
#28 C:/Users/LENOVO/Documents/X-RPL/Kelas/27-04-2026/backend/vendor/laravel/framework/src/Illuminate/Routing/Router.php(739): Illuminate/Routing/Router->dispatchToRoute(Object(Illuminate/Http/Request))
#29 C:/Users/LENOVO/Documents/X-RPL/Kelas/27-04-2026/backend/vendor/laravel/framework/src/Illuminate/Foundation/Http/Kernel.php(201): Illuminate/Routing/Router->dispatch(Object(Illuminate/Http/Request))
#30 C:/Users/LENOVO/Documents/X-RPL/Kelas/27-04-2026/backend/vendor/laravel/framework/src/Illuminate/Pipeline/Pipeline.php(170): Illuminate/Foundation/Http/Kernel->Illuminate/Foundation/Http/{closure}(Object(Illuminate/Http/Request))
#31 C:/Users/LENOVO/Documents/X-RPL/Kelas/27-04-2026/backend/vendor/laravel/framework/src/Illuminate/Foundation/Http/Middleware/TransformsRequest.php(21): Illuminate/Pipeline/Pipeline->Illuminate/Pipeline/{closure}(Object(Illuminate/Http/Request))
#32 C:/Users/LENOVO/Documents/X-RPL/Kelas/27-04-2026/backend/vendor/laravel/framework/src/Illuminate/Foundation/Http/Middleware/ConvertEmptyStringsToNull.php(31): Illuminate/Foundation/Http/Middleware/TransformsRequest->handle(Object(Illuminate/Http/Request), Object(Closure))
#33 C:/Users/LENOVO/Documents/X-RPL/Kelas/27-04-2026/backend/vendor/laravel/framework/src/Illuminate/Pipeline/Pipeline.php(209): Illuminate/Foundation/Http/Middleware/ConvertEmptyStringsToNull->handle(Object(Illuminate/Http/Request), Object(Closure))
#34 C:/Users/LENOVO/Documents/X-RPL/Kelas/27-04-2026/backend/vendor/laravel/framework/src/Illuminate/Foundation/Http/Middleware/TransformsRequest.php(21): Illuminate/Pipeline/Pipeline->Illuminate/Pipeline/{closure}(Object(Illuminate/Http/Request))
#35 C:/Users/LENOVO/Documents/X-RPL/Kelas/27-04-2026/backend/vendor/laravel/framework/src/Illuminate/Foundation/Http/Middleware/TrimStrings.php(51): Illuminate/Foundation/Http/Middleware/TransformsRequest->handle(Object(Illuminate/Http/Request), Object(Closure))
#36 C:/Users/LENOVO/Documents/X-RPL/Kelas/27-04-2026/backend/vendor/laravel/framework/src/Illuminate/Pipeline/Pipeline.php(209): Illuminate/Foundation/Http/Middleware/TrimStrings->handle(Object(Illuminate/Http/Request), Object(Closure))
#37 C:/Users/LENOVO/Documents/X-RPL/Kelas/27-04-2026/backend/vendor/laravel/framework/src/Illuminate/Http/Middleware/ValidatePostSize.php(27): Illuminate/Pipeline/Pipeline->Illuminate/Pipeline/{closure}(Object(Illuminate/Http/Request))
#38 C:/Users/LENOVO/Documents/X-RPL/Kelas/27-04-2026/backend/vendor/laravel/framework/src/Illuminate/Pipeline/Pipeline.php(209): Illuminate/Http/Middleware/ValidatePostSize->handle(Object(Illuminate/Http/Request), Object(Closure))
#39 C:/Users/LENOVO/Documents/X-RPL/Kelas/27-04-2026/backend/vendor/laravel/framework/src/Illuminate/Foundation/Http/Middleware/PreventRequestsDuringMaintenance.php(110): Illuminate/Pipeline/Pipeline->Illuminate/Pipeline/{closure}(Object(Illuminate/Http/Request))
#40 C:/Users/LENOVO/Documents/X-RPL/Kelas/27-04-2026/backend/vendor/laravel/framework/src/Illuminate/Pipeline/Pipeline.php(209): Illuminate/Foundation/Http/Middleware/PreventRequestsDuringMaintenance->handle(Object(Illuminate/Http/Request), Object(Closure))
#41 C:/Users/LENOVO/Documents/X-RPL/Kelas/27-04-2026/backend/vendor/laravel/framework/src/Illuminate/Http/Middleware/HandleCors.php(49): Illuminate/Pipeline/Pipeline->Illuminate/Pipeline/{closure}(Object(Illuminate/Http/Request))
#42 C:/Users/LENOVO/Documents/X-RPL/Kelas/27-04-2026/backend/vendor/laravel/framework/src/Illuminate/Pipeline/Pipeline.php(209): Illuminate/Http/Middleware/HandleCors->handle(Object(Illuminate/Http/Request), Object(Closure))
#43 C:/Users/LENOVO/Documents/X-RPL/Kelas/27-04-2026/backend/vendor/laravel/framework/src/Illuminate/Http/Middleware/TrustProxies.php(58): Illuminate/Pipeline/Pipeline->Illuminate/Pipeline/{closure}(Object(Illuminate/Http/Request))
#44 C:/Users/LENOVO/Documents/X-RPL/Kelas/27-04-2026/backend/vendor/laravel/framework/src/Illuminate/Pipeline/Pipeline.php(209): Illuminate/Http/Middleware/TrustProxies->handle(Object(Illuminate/Http/Request), Object(Closure))
#45 C:/Users/LENOVO/Documents/X-RPL/Kelas/27-04-2026/backend/vendor/laravel/framework/src/Illuminate/Foundation/Http/Middleware/InvokeDeferredCallbacks.php(22): Illuminate/Pipeline/Pipeline->Illuminate/Pipeline/{closure}(Object(Illuminate/Http/Request))
#46 C:/Users/LENOVO/Documents/X-RPL/Kelas/27-04-2026/backend/vendor/laravel/framework/src/Illuminate/Pipeline/Pipeline.php(209): Illuminate/Foundation/Http/Middleware/InvokeDeferredCallbacks->handle(Object(Illuminate/Http/Request), Object(Closure))
#47 C:/Users/LENOVO/Documents/X-RPL/Kelas/27-04-2026/backend/vendor/laravel/framework/src/Illuminate/Pipeline/Pipeline.php(127): Illuminate/Pipeline/Pipeline->Illuminate/Pipeline/{closure}(Object(Illuminate/Http/Request))
#48 C:/Users/LENOVO/Documents/X-RPL/Kelas/27-04-2026/backend/vendor/laravel/framework/src/Illuminate/Foundation/Http/Kernel.php(176): Illuminate/Pipeline/Pipeline->then(Object(Closure))
#49 C:/Users/LENOVO/Documents/X-RPL/Kelas/27-04-2026/backend/vendor/laravel/framework/src/Illuminate/Foundation/Http/Kernel.php(145): Illuminate/Foundation/Http/Kernel->sendRequestThroughRouter(Object(Illuminate/Http/Request))
#50 C:/Users/LENOVO/Documents/X-RPL/Kelas/27-04-2026/backend/vendor/laravel/framework/src/Illuminate/Foundation/Application.php(1207): Illuminate/Foundation/Http/Kernel->handle(Object(Illuminate/Http/Request))
#51 C:/Users/LENOVO/Documents/X-RPL/Kelas/27-04-2026/backend/public/index.php(19): Illuminate/Foundation/Application->handle(Object(Illuminate/Http/Request))
#52 C:/Users/LENOVO/Documents/X-RPL/Kelas/27-04-2026/backend/vendor/laravel/framework/src/Illuminate/Foundation/resources/server.php(23): require_once('C://Users//LENOVO...')
#53 {main}
"} 
[2026-05-20 17:00:21] local.ERROR: SQLSTATE[42S02]: Base table or view not found: 1146 Table 'tsabitah_gaming_db.sessions' doesn't exist (Connection: mysql, SQL: select * from `sessions` where `id` = ZjJVb5YHGu7GPe6fC2KHPumucYti0IU5zt7GDQJE limit 1) {"exception":"[object] (Illuminate\\Database\\QueryException(code: 42S02): SQLSTATE[42S02]: Base table or view not found: 1146 Table 'tsabitah_gaming_db.sessions' doesn't exist (Connection: mysql, SQL: select * from `sessions` where `id` = ZjJVb5YHGu7GPe6fC2KHPumucYti0IU5zt7GDQJE limit 1) at C:/Users/LENOVO/Documents/X-RPL/Kelas/27-04-2026/backend/vendor/laravel/framework/src/Illuminate/Database/Connection.php:825)
[stacktrace]
#0 C:/Users/LENOVO/Documents/X-RPL/Kelas/27-04-2026/backend/vendor/laravel/framework/src/Illuminate/Database/Connection.php(779): Illuminate/Database/Connection->runQueryCallback('select * from `...', Array, Object(Closure))
#1 C:/Users/LENOVO/Documents/X-RPL/Kelas/27-04-2026/backend/vendor/laravel/framework/src/Illuminate/Database/Connection.php(398): Illuminate/Database/Connection->run('select * from `...', Array, Object(Closure))
#2 C:/Users/LENOVO/Documents/X-RPL/Kelas/27-04-2026/backend/vendor/laravel/framework/src/Illuminate/Database/Query/Builder.php(3106): Illuminate/Database/Connection->select('select * from `...', Array, false)
#3 C:/Users/LENOVO/Documents/X-RPL/Kelas/27-04-2026/backend/vendor/laravel/framework/src/Illuminate/Database/Query/Builder.php(3091): Illuminate/Database/Query/Builder->runSelect()
#4 C:/Users/LENOVO/Documents/X-RPL/Kelas/27-04-2026/backend/vendor/laravel/framework/src/Illuminate/Database/Query/Builder.php(3676): Illuminate/Database/Query/Builder->Illuminate/Database/Query/{closure}()
#5 C:/Users/LENOVO/Documents/X-RPL/Kelas/27-04-2026/backend/vendor/laravel/framework/src/Illuminate/Database/Query/Builder.php(3090): Illuminate/Database/Query/Builder->onceWithColumns(Array, Object(Closure))
#6 C:/Users/LENOVO/Documents/X-RPL/Kelas/27-04-2026/backend/vendor/laravel/framework/src/Illuminate/Database/Concerns/BuildsQueries.php(343): Illuminate/Database/Query/Builder->get(Array)
#7 C:/Users/LENOVO/Documents/X-RPL/Kelas/27-04-2026/backend/vendor/laravel/framework/src/Illuminate/Database/Query/Builder.php(3013): Illuminate/Database/Query/Builder->first(Array)
#8 C:/Users/LENOVO/Documents/X-RPL/Kelas/27-04-2026/backend/vendor/laravel/framework/src/Illuminate/Session/DatabaseSessionHandler.php(97): Illuminate/Database/Query/Builder->find('ZjJVb5YHGu7GPe6...')
#9 C:/Users/LENOVO/Documents/X-RPL/Kelas/27-04-2026/backend/vendor/laravel/framework/src/Illuminate/Session/Store.php(117): Illuminate/Session/DatabaseSessionHandler->read('ZjJVb5YHGu7GPe6...')
#10 C:/Users/LENOVO/Documents/X-RPL/Kelas/27-04-2026/backend/vendor/laravel/framework/src/Illuminate/Session/Store.php(105): Illuminate/Session/Store->readFromHandler()
#11 C:/Users/LENOVO/Documents/X-RPL/Kelas/27-04-2026/backend/vendor/laravel/framework/src/Illuminate/Session/Store.php(89): Illuminate/Session/Store->loadSession()
#12 C:/Users/LENOVO/Documents/X-RPL/Kelas/27-04-2026/backend/vendor/laravel/framework/src/Illuminate/Session/Middleware/StartSession.php(147): Illuminate/Session/Store->start()
#13 C:/Users/LENOVO/Documents/X-RPL/Kelas/27-04-2026/backend/vendor/laravel/framework/src/Illuminate/Support/helpers.php(399): Illuminate/Session/Middleware/StartSession->Illuminate/Session/Middleware/{closure}(Object(Illuminate/Session/Store))
#14 C:/Users/LENOVO/Documents/X-RPL/Kelas/27-04-2026/backend/vendor/laravel/framework/src/Illuminate/Session/Middleware/StartSession.php(144): tap(Object(Illuminate/Session/Store), Object(Closure))
#15 C:/Users/LENOVO/Documents/X-RPL/Kelas/27-04-2026/backend/vendor/laravel/framework/src/Illuminate/Session/Middleware/StartSession.php(116): Illuminate/Session/Middleware/StartSession->startSession(Object(Illuminate/Http/Request), Object(Illuminate/Session/Store))
#16 C:/Users/LENOVO/Documents/X-RPL/Kelas/27-04-2026/backend/vendor/laravel/framework/src/Illuminate/Session/Middleware/StartSession.php(64): Illuminate/Session/Middleware/StartSession->handleStatefulRequest(Object(Illuminate/Http/Request), Object(Illuminate/Session/Store), Object(Closure))
#17 C:/Users/LENOVO/Documents/X-RPL/Kelas/27-04-2026/backend/vendor/laravel/framework/src/Illuminate/Pipeline/Pipeline.php(209): Illuminate/Session/Middleware/StartSession->handle(Object(Illuminate/Http/Request), Object(Closure))
#18 C:/Users/LENOVO/Documents/X-RPL/Kelas/27-04-2026/backend/vendor/laravel/framework/src/Illuminate/Cookie/Middleware/AddQueuedCookiesToResponse.php(37): Illuminate/Pipeline/Pipeline->Illuminate/Pipeline/{closure}(Object(Illuminate/Http/Request))
#19 C:/Users/LENOVO/Documents/X-RPL/Kelas/27-04-2026/backend/vendor/laravel/framework/src/Illuminate/Pipeline/Pipeline.php(209): Illuminate/Cookie/Middleware/AddQueuedCookiesToResponse->handle(Object(Illuminate/Http/Request), Object(Closure))
#20 C:/Users/LENOVO/Documents/X-RPL/Kelas/27-04-2026/backend/vendor/laravel/framework/src/Illuminate/Cookie/Middleware/EncryptCookies.php(75): Illuminate/Pipeline/Pipeline->Illuminate/Pipeline/{closure}(Object(Illuminate/Http/Request))
#21 C:/Users/LENOVO/Documents/X-RPL/Kelas/27-04-2026/backend/vendor/laravel/framework/src/Illuminate/Pipeline/Pipeline.php(209): Illuminate/Cookie/Middleware/EncryptCookies->handle(Object(Illuminate/Http/Request), Object(Closure))
#22 C:/Users/LENOVO/Documents/X-RPL/Kelas/27-04-2026/backend/vendor/laravel/framework/src/Illuminate/Pipeline/Pipeline.php(127): Illuminate/Pipeline/Pipeline->Illuminate/Pipeline/{closure}(Object(Illuminate/Http/Request))
#23 C:/Users/LENOVO/Documents/X-RPL/Kelas/27-04-2026/backend/vendor/laravel/framework/src/Illuminate/Routing/Router.php(807): Illuminate/Pipeline/Pipeline->then(Object(Closure))
#24 C:/Users/LENOVO/Documents/X-RPL/Kelas/27-04-2026/backend/vendor/laravel/framework/src/Illuminate/Routing/Router.php(786): Illuminate/Routing/Router->runRouteWithinStack(Object(Illuminate/Routing/Route), Object(Illuminate/Http/Request))
#25 C:/Users/LENOVO/Documents/X-RPL/Kelas/27-04-2026/backend/vendor/laravel/framework/src/Illuminate/Routing/Router.php(750): Illuminate/Routing/Router->runRoute(Object(Illuminate/Http/Request), Object(Illuminate/Routing/Route))
#26 C:/Users/LENOVO/Documents/X-RPL/Kelas/27-04-2026/backend/vendor/laravel/framework/src/Illuminate/Routing/Router.php(739): Illuminate/Routing/Router->dispatchToRoute(Object(Illuminate/Http/Request))
#27 C:/Users/LENOVO/Documents/X-RPL/Kelas/27-04-2026/backend/vendor/laravel/framework/src/Illuminate/Foundation/Http/Kernel.php(201): Illuminate/Routing/Router->dispatch(Object(Illuminate/Http/Request))
#28 C:/Users/LENOVO/Documents/X-RPL/Kelas/27-04-2026/backend/vendor/laravel/framework/src/Illuminate/Pipeline/Pipeline.php(170): Illuminate/Foundation/Http/Kernel->Illuminate/Foundation/Http/{closure}(Object(Illuminate/Http/Request))
#29 C:/Users/LENOVO/Documents/X-RPL/Kelas/27-04-2026/backend/vendor/laravel/framework/src/Illuminate/Foundation/Http/Middleware/TransformsRequest.php(21): Illuminate/Pipeline/Pipeline->Illuminate/Pipeline/{closure}(Object(Illuminate/Http/Request))
#30 C:/Users/LENOVO/Documents/X-RPL/Kelas/27-04-2026/backend/vendor/laravel/framework/src/Illuminate/Foundation/Http/Middleware/ConvertEmptyStringsToNull.php(31): Illuminate/Foundation/Http/Middleware/TransformsRequest->handle(Object(Illuminate/Http/Request), Object(Closure))
#31 C:/Users/LENOVO/Documents/X-RPL/Kelas/27-04-2026/backend/vendor/laravel/framework/src/Illuminate/Pipeline/Pipeline.php(209): Illuminate/Foundation/Http/Middleware/ConvertEmptyStringsToNull->handle(Object(Illuminate/Http/Request), Object(Closure))
#32 C:/Users/LENOVO/Documents/X-RPL/Kelas/27-04-2026/backend/vendor/laravel/framework/src/Illuminate/Foundation/Http/Middleware/TransformsRequest.php(21): Illuminate/Pipeline/Pipeline->Illuminate/Pipeline/{closure}(Object(Illuminate/Http/Request))
#33 C:/Users/LENOVO/Documents/X-RPL/Kelas/27-04-2026/backend/vendor/laravel/framework/src/Illuminate/Foundation/Http/Middleware/TrimStrings.php(51): Illuminate/Foundation/Http/Middleware/TransformsRequest->handle(Object(Illuminate/Http/Request), Object(Closure))
#34 C:/Users/LENOVO/Documents/X-RPL/Kelas/27-04-2026/backend/vendor/laravel/framework/src/Illuminate/Pipeline/Pipeline.php(209): Illuminate/Foundation/Http/Middleware/TrimStrings->handle(Object(Illuminate/Http/Request), Object(Closure))
#35 C:/Users/LENOVO/Documents/X-RPL/Kelas/27-04-2026/backend/vendor/laravel/framework/src/Illuminate/Http/Middleware/ValidatePostSize.php(27): Illuminate/Pipeline/Pipeline->Illuminate/Pipeline/{closure}(Object(Illuminate/Http/Request))
#36 C:/Users/LENOVO/Documents/X-RPL/Kelas/27-04-2026/backend/vendor/laravel/framework/src/Illuminate/Pipeline/Pipeline.php(209): Illuminate/Http/Middleware/ValidatePostSize->handle(Object(Illuminate/Http/Request), Object(Closure))
#37 C:/Users/LENOVO/Documents/X-RPL/Kelas/27-04-2026/backend/vendor/laravel/framework/src/Illuminate/Foundation/Http/Middleware/PreventRequestsDuringMaintenance.php(110): Illuminate/Pipeline/Pipeline->Illuminate/Pipeline/{closure}(Object(Illuminate/Http/Request))
#38 C:/Users/LENOVO/Documents/X-RPL/Kelas/27-04-2026/backend/vendor/laravel/framework/src/Illuminate/Pipeline/Pipeline.php(209): Illuminate/Foundation/Http/Middleware/PreventRequestsDuringMaintenance->handle(Object(Illuminate/Http/Request), Object(Closure))
#39 C:/Users/LENOVO/Documents/X-RPL/Kelas/27-04-2026/backend/vendor/laravel/framework/src/Illuminate/Http/Middleware/HandleCors.php(49): Illuminate/Pipeline/Pipeline->Illuminate/Pipeline/{closure}(Object(Illuminate/Http/Request))
#40 C:/Users/LENOVO/Documents/X-RPL/Kelas/27-04-2026/backend/vendor/laravel/framework/src/Illuminate/Pipeline/Pipeline.php(209): Illuminate/Http/Middleware/HandleCors->handle(Object(Illuminate/Http/Request), Object(Closure))
#41 C:/Users/LENOVO/Documents/X-RPL/Kelas/27-04-2026/backend/vendor/laravel/framework/src/Illuminate/Http/Middleware/TrustProxies.php(58): Illuminate/Pipeline/Pipeline->Illuminate/Pipeline/{closure}(Object(Illuminate/Http/Request))
#42 C:/Users/LENOVO/Documents/X-RPL/Kelas/27-04-2026/backend/vendor/laravel/framework/src/Illuminate/Pipeline/Pipeline.php(209): Illuminate/Http/Middleware/TrustProxies->handle(Object(Illuminate/Http/Request), Object(Closure))
#43 C:/Users/LENOVO/Documents/X-RPL/Kelas/27-04-2026/backend/vendor/laravel/framework/src/Illuminate/Foundation/Http/Middleware/InvokeDeferredCallbacks.php(22): Illuminate/Pipeline/Pipeline->Illuminate/Pipeline/{closure}(Object(Illuminate/Http/Request))
#44 C:/Users/LENOVO/Documents/X-RPL/Kelas/27-04-2026/backend/vendor/laravel/framework/src/Illuminate/Pipeline/Pipeline.php(209): Illuminate/Foundation/Http/Middleware/InvokeDeferredCallbacks->handle(Object(Illuminate/Http/Request), Object(Closure))
#45 C:/Users/LENOVO/Documents/X-RPL/Kelas/27-04-2026/backend/vendor/laravel/framework/src/Illuminate/Pipeline/Pipeline.php(127): Illuminate/Pipeline/Pipeline->Illuminate/Pipeline/{closure}(Object(Illuminate/Http/Request))
#46 C:/Users/LENOVO/Documents/X-RPL/Kelas/27-04-2026/backend/vendor/laravel/framework/src/Illuminate/Foundation/Http/Kernel.php(176): Illuminate/Pipeline/Pipeline->then(Object(Closure))
#47 C:/Users/LENOVO/Documents/X-RPL/Kelas/27-04-2026/backend/vendor/laravel/framework/src/Illuminate/Foundation/Http/Kernel.php(145): Illuminate/Foundation/Http/Kernel->sendRequestThroughRouter(Object(Illuminate/Http/Request))
#48 C:/Users/LENOVO/Documents/X-RPL/Kelas/27-04-2026/backend/vendor/laravel/framework/src/Illuminate/Foundation/Application.php(1207): Illuminate/Foundation/Http/Kernel->handle(Object(Illuminate/Http/Request))
#49 C:/Users/LENOVO/Documents/X-RPL/Kelas/27-04-2026/backend/public/index.php(19): Illuminate/Foundation/Application->handle(Object(Illuminate/Http/Request))
#50 C:/Users/LENOVO/Documents/X-RPL/Kelas/27-04-2026/backend/vendor/laravel/framework/src/Illuminate/Foundation/resources/server.php(23): require_once('C://Users//LENOVO...')
#51 {main}

[previous exception] [object] (PDOException(code: 42S02): SQLSTATE[42S02]: Base table or view not found: 1146 Table 'tsabitah_gaming_db.sessions' doesn't exist at C:/Users/LENOVO/Documents/X-RPL/Kelas/27-04-2026/backend/vendor/laravel/framework/src/Illuminate/Database/Connection.php:407)
[stacktrace]
#0 C:/Users/LENOVO/Documents/X-RPL/Kelas/27-04-2026/backend/vendor/laravel/framework/src/Illuminate/Database/Connection.php(407): PDO->prepare('select * from `...')
#1 C:/Users/LENOVO/Documents/X-RPL/Kelas/27-04-2026/backend/vendor/laravel/framework/src/Illuminate/Database/Connection.php(812): Illuminate/Database/Connection->Illuminate/Database/{closure}('select * from `...', Array)
#2 C:/Users/LENOVO/Documents/X-RPL/Kelas/27-04-2026/backend/vendor/laravel/framework/src/Illuminate/Database/Connection.php(779): Illuminate/Database/Connection->runQueryCallback('select * from `...', Array, Object(Closure))
#3 C:/Users/LENOVO/Documents/X-RPL/Kelas/27-04-2026/backend/vendor/laravel/framework/src/Illuminate/Database/Connection.php(398): Illuminate/Database/Connection->run('select * from `...', Array, Object(Closure))
#4 C:/Users/LENOVO/Documents/X-RPL/Kelas/27-04-2026/backend/vendor/laravel/framework/src/Illuminate/Database/Query/Builder.php(3106): Illuminate/Database/Connection->select('select * from `...', Array, false)
#5 C:/Users/LENOVO/Documents/X-RPL/Kelas/27-04-2026/backend/vendor/laravel/framework/src/Illuminate/Database/Query/Builder.php(3091): Illuminate/Database/Query/Builder->runSelect()
#6 C:/Users/LENOVO/Documents/X-RPL/Kelas/27-04-2026/backend/vendor/laravel/framework/src/Illuminate/Database/Query/Builder.php(3676): Illuminate/Database/Query/Builder->Illuminate/Database/Query/{closure}()
#7 C:/Users/LENOVO/Documents/X-RPL/Kelas/27-04-2026/backend/vendor/laravel/framework/src/Illuminate/Database/Query/Builder.php(3090): Illuminate/Database/Query/Builder->onceWithColumns(Array, Object(Closure))
#8 C:/Users/LENOVO/Documents/X-RPL/Kelas/27-04-2026/backend/vendor/laravel/framework/src/Illuminate/Database/Concerns/BuildsQueries.php(343): Illuminate/Database/Query/Builder->get(Array)
#9 C:/Users/LENOVO/Documents/X-RPL/Kelas/27-04-2026/backend/vendor/laravel/framework/src/Illuminate/Database/Query/Builder.php(3013): Illuminate/Database/Query/Builder->first(Array)
#10 C:/Users/LENOVO/Documents/X-RPL/Kelas/27-04-2026/backend/vendor/laravel/framework/src/Illuminate/Session/DatabaseSessionHandler.php(97): Illuminate/Database/Query/Builder->find('ZjJVb5YHGu7GPe6...')
#11 C:/Users/LENOVO/Documents/X-RPL/Kelas/27-04-2026/backend/vendor/laravel/framework/src/Illuminate/Session/Store.php(117): Illuminate/Session/DatabaseSessionHandler->read('ZjJVb5YHGu7GPe6...')
#12 C:/Users/LENOVO/Documents/X-RPL/Kelas/27-04-2026/backend/vendor/laravel/framework/src/Illuminate/Session/Store.php(105): Illuminate/Session/Store->readFromHandler()
#13 C:/Users/LENOVO/Documents/X-RPL/Kelas/27-04-2026/backend/vendor/laravel/framework/src/Illuminate/Session/Store.php(89): Illuminate/Session/Store->loadSession()
#14 C:/Users/LENOVO/Documents/X-RPL/Kelas/27-04-2026/backend/vendor/laravel/framework/src/Illuminate/Session/Middleware/StartSession.php(147): Illuminate/Session/Store->start()
#15 C:/Users/LENOVO/Documents/X-RPL/Kelas/27-04-2026/backend/vendor/laravel/framework/src/Illuminate/Support/helpers.php(399): Illuminate/Session/Middleware/StartSession->Illuminate/Session/Middleware/{closure}(Object(Illuminate/Session/Store))
#16 C:/Users/LENOVO/Documents/X-RPL/Kelas/27-04-2026/backend/vendor/laravel/framework/src/Illuminate/Session/Middleware/StartSession.php(144): tap(Object(Illuminate/Session/Store), Object(Closure))
#17 C:/Users/LENOVO/Documents/X-RPL/Kelas/27-04-2026/backend/vendor/laravel/framework/src/Illuminate/Session/Middleware/StartSession.php(116): Illuminate/Session/Middleware/StartSession->startSession(Object(Illuminate/Http/Request), Object(Illuminate/Session/Store))
#18 C:/Users/LENOVO/Documents/X-RPL/Kelas/27-04-2026/backend/vendor/laravel/framework/src/Illuminate/Session/Middleware/StartSession.php(64): Illuminate/Session/Middleware/StartSession->handleStatefulRequest(Object(Illuminate/Http/Request), Object(Illuminate/Session/Store), Object(Closure))
#19 C:/Users/LENOVO/Documents/X-RPL/Kelas/27-04-2026/backend/vendor/laravel/framework/src/Illuminate/Pipeline/Pipeline.php(209): Illuminate/Session/Middleware/StartSession->handle(Object(Illuminate/Http/Request), Object(Closure))
#20 C:/Users/LENOVO/Documents/X-RPL/Kelas/27-04-2026/backend/vendor/laravel/framework/src/Illuminate/Cookie/Middleware/AddQueuedCookiesToResponse.php(37): Illuminate/Pipeline/Pipeline->Illuminate/Pipeline/{closure}(Object(Illuminate/Http/Request))
#21 C:/Users/LENOVO/Documents/X-RPL/Kelas/27-04-2026/backend/vendor/laravel/framework/src/Illuminate/Pipeline/Pipeline.php(209): Illuminate/Cookie/Middleware/AddQueuedCookiesToResponse->handle(Object(Illuminate/Http/Request), Object(Closure))
#22 C:/Users/LENOVO/Documents/X-RPL/Kelas/27-04-2026/backend/vendor/laravel/framework/src/Illuminate/Cookie/Middleware/EncryptCookies.php(75): Illuminate/Pipeline/Pipeline->Illuminate/Pipeline/{closure}(Object(Illuminate/Http/Request))
#23 C:/Users/LENOVO/Documents/X-RPL/Kelas/27-04-2026/backend/vendor/laravel/framework/src/Illuminate/Pipeline/Pipeline.php(209): Illuminate/Cookie/Middleware/EncryptCookies->handle(Object(Illuminate/Http/Request), Object(Closure))
#24 C:/Users/LENOVO/Documents/X-RPL/Kelas/27-04-2026/backend/vendor/laravel/framework/src/Illuminate/Pipeline/Pipeline.php(127): Illuminate/Pipeline/Pipeline->Illuminate/Pipeline/{closure}(Object(Illuminate/Http/Request))
#25 C:/Users/LENOVO/Documents/X-RPL/Kelas/27-04-2026/backend/vendor/laravel/framework/src/Illuminate/Routing/Router.php(807): Illuminate/Pipeline/Pipeline->then(Object(Closure))
#26 C:/Users/LENOVO/Documents/X-RPL/Kelas/27-04-2026/backend/vendor/laravel/framework/src/Illuminate/Routing/Router.php(786): Illuminate/Routing/Router->runRouteWithinStack(Object(Illuminate/Routing/Route), Object(Illuminate/Http/Request))
#27 C:/Users/LENOVO/Documents/X-RPL/Kelas/27-04-2026/backend/vendor/laravel/framework/src/Illuminate/Routing/Router.php(750): Illuminate/Routing/Router->runRoute(Object(Illuminate/Http/Request), Object(Illuminate/Routing/Route))
#28 C:/Users/LENOVO/Documents/X-RPL/Kelas/27-04-2026/backend/vendor/laravel/framework/src/Illuminate/Routing/Router.php(739): Illuminate/Routing/Router->dispatchToRoute(Object(Illuminate/Http/Request))
#29 C:/Users/LENOVO/Documents/X-RPL/Kelas/27-04-2026/backend/vendor/laravel/framework/src/Illuminate/Foundation/Http/Kernel.php(201): Illuminate/Routing/Router->dispatch(Object(Illuminate/Http/Request))
#30 C:/Users/LENOVO/Documents/X-RPL/Kelas/27-04-2026/backend/vendor/laravel/framework/src/Illuminate/Pipeline/Pipeline.php(170): Illuminate/Foundation/Http/Kernel->Illuminate/Foundation/Http/{closure}(Object(Illuminate/Http/Request))
#31 C:/Users/LENOVO/Documents/X-RPL/Kelas/27-04-2026/backend/vendor/laravel/framework/src/Illuminate/Foundation/Http/Middleware/TransformsRequest.php(21): Illuminate/Pipeline/Pipeline->Illuminate/Pipeline/{closure}(Object(Illuminate/Http/Request))
#32 C:/Users/LENOVO/Documents/X-RPL/Kelas/27-04-2026/backend/vendor/laravel/framework/src/Illuminate/Foundation/Http/Middleware/ConvertEmptyStringsToNull.php(31): Illuminate/Foundation/Http/Middleware/TransformsRequest->handle(Object(Illuminate/Http/Request), Object(Closure))
#33 C:/Users/LENOVO/Documents/X-RPL/Kelas/27-04-2026/backend/vendor/laravel/framework/src/Illuminate/Pipeline/Pipeline.php(209): Illuminate/Foundation/Http/Middleware/ConvertEmptyStringsToNull->handle(Object(Illuminate/Http/Request), Object(Closure))
#34 C:/Users/LENOVO/Documents/X-RPL/Kelas/27-04-2026/backend/vendor/laravel/framework/src/Illuminate/Foundation/Http/Middleware/TransformsRequest.php(21): Illuminate/Pipeline/Pipeline->Illuminate/Pipeline/{closure}(Object(Illuminate/Http/Request))
#35 C:/Users/LENOVO/Documents/X-RPL/Kelas/27-04-2026/backend/vendor/laravel/framework/src/Illuminate/Foundation/Http/Middleware/TrimStrings.php(51): Illuminate/Foundation/Http/Middleware/TransformsRequest->handle(Object(Illuminate/Http/Request), Object(Closure))
#36 C:/Users/LENOVO/Documents/X-RPL/Kelas/27-04-2026/backend/vendor/laravel/framework/src/Illuminate/Pipeline/Pipeline.php(209): Illuminate/Foundation/Http/Middleware/TrimStrings->handle(Object(Illuminate/Http/Request), Object(Closure))
#37 C:/Users/LENOVO/Documents/X-RPL/Kelas/27-04-2026/backend/vendor/laravel/framework/src/Illuminate/Http/Middleware/ValidatePostSize.php(27): Illuminate/Pipeline/Pipeline->Illuminate/Pipeline/{closure}(Object(Illuminate/Http/Request))
#38 C:/Users/LENOVO/Documents/X-RPL/Kelas/27-04-2026/backend/vendor/laravel/framework/src/Illuminate/Pipeline/Pipeline.php(209): Illuminate/Http/Middleware/ValidatePostSize->handle(Object(Illuminate/Http/Request), Object(Closure))
#39 C:/Users/LENOVO/Documents/X-RPL/Kelas/27-04-2026/backend/vendor/laravel/framework/src/Illuminate/Foundation/Http/Middleware/PreventRequestsDuringMaintenance.php(110): Illuminate/Pipeline/Pipeline->Illuminate/Pipeline/{closure}(Object(Illuminate/Http/Request))
#40 C:/Users/LENOVO/Documents/X-RPL/Kelas/27-04-2026/backend/vendor/laravel/framework/src/Illuminate/Pipeline/Pipeline.php(209): Illuminate/Foundation/Http/Middleware/PreventRequestsDuringMaintenance->handle(Object(Illuminate/Http/Request), Object(Closure))
#41 C:/Users/LENOVO/Documents/X-RPL/Kelas/27-04-2026/backend/vendor/laravel/framework/src/Illuminate/Http/Middleware/HandleCors.php(49): Illuminate/Pipeline/Pipeline->Illuminate/Pipeline/{closure}(Object(Illuminate/Http/Request))
#42 C:/Users/LENOVO/Documents/X-RPL/Kelas/27-04-2026/backend/vendor/laravel/framework/src/Illuminate/Pipeline/Pipeline.php(209): Illuminate/Http/Middleware/HandleCors->handle(Object(Illuminate/Http/Request), Object(Closure))
#43 C:/Users/LENOVO/Documents/X-RPL/Kelas/27-04-2026/backend/vendor/laravel/framework/src/Illuminate/Http/Middleware/TrustProxies.php(58): Illuminate/Pipeline/Pipeline->Illuminate/Pipeline/{closure}(Object(Illuminate/Http/Request))
#44 C:/Users/LENOVO/Documents/X-RPL/Kelas/27-04-2026/backend/vendor/laravel/framework/src/Illuminate/Pipeline/Pipeline.php(209): Illuminate/Http/Middleware/TrustProxies->handle(Object(Illuminate/Http/Request), Object(Closure))
#45 C:/Users/LENOVO/Documents/X-RPL/Kelas/27-04-2026/backend/vendor/laravel/framework/src/Illuminate/Foundation/Http/Middleware/InvokeDeferredCallbacks.php(22): Illuminate/Pipeline/Pipeline->Illuminate/Pipeline/{closure}(Object(Illuminate/Http/Request))
#46 C:/Users/LENOVO/Documents/X-RPL/Kelas/27-04-2026/backend/vendor/laravel/framework/src/Illuminate/Pipeline/Pipeline.php(209): Illuminate/Foundation/Http/Middleware/InvokeDeferredCallbacks->handle(Object(Illuminate/Http/Request), Object(Closure))
#47 C:/Users/LENOVO/Documents/X-RPL/Kelas/27-04-2026/backend/vendor/laravel/framework/src/Illuminate/Pipeline/Pipeline.php(127): Illuminate/Pipeline/Pipeline->Illuminate/Pipeline/{closure}(Object(Illuminate/Http/Request))
#48 C:/Users/LENOVO/Documents/X-RPL/Kelas/27-04-2026/backend/vendor/laravel/framework/src/Illuminate/Foundation/Http/Kernel.php(176): Illuminate/Pipeline/Pipeline->then(Object(Closure))
#49 C:/Users/LENOVO/Documents/X-RPL/Kelas/27-04-2026/backend/vendor/laravel/framework/src/Illuminate/Foundation/Http/Kernel.php(145): Illuminate/Foundation/Http/Kernel->sendRequestThroughRouter(Object(Illuminate/Http/Request))
#50 C:/Users/LENOVO/Documents/X-RPL/Kelas/27-04-2026/backend/vendor/laravel/framework/src/Illuminate/Foundation/Application.php(1207): Illuminate/Foundation/Http/Kernel->handle(Object(Illuminate/Http/Request))
#51 C:/Users/LENOVO/Documents/X-RPL/Kelas/27-04-2026/backend/public/index.php(19): Illuminate/Foundation/Application->handle(Object(Illuminate/Http/Request))
#52 C:/Users/LENOVO/Documents/X-RPL/Kelas/27-04-2026/backend/vendor/laravel/framework/src/Illuminate/Foundation/resources/server.php(23): require_once('C://Users//LENOVO...')
#53 {main}
"} 
[2026-05-20 17:08:18] local.ERROR: Class "App\Http\Controllers\Controller" not found {"exception":"[object] (Error(code: 0): Class \"App\\Http\\Controllers\\Controller\" not found at C:/Users/LENOVO/Documents/X-RPL/Kelas/27-04-2026/backend/app/Http/Controllers/GuestbookController.php:9)
[stacktrace]
#0 C:/Users/LENOVO/Documents/X-RPL/Kelas/27-04-2026/backend/vendor/composer/ClassLoader.php(576): include()
#1 C:/Users/LENOVO/Documents/X-RPL/Kelas/27-04-2026/backend/vendor/composer/ClassLoader.php(427): Composer/Autoload/{closure}('C://Users//LENOVO...')
#2 [internal function]: Composer/Autoload/ClassLoader->loadClass('App//Http//Contro...')
#3 C:/Users/LENOVO/Documents/X-RPL/Kelas/27-04-2026/backend/vendor/laravel/framework/src/Illuminate/Routing/Route.php(1117): is_a('App//Http//Contro...', 'Illuminate//Rout...', true)
#4 C:/Users/LENOVO/Documents/X-RPL/Kelas/27-04-2026/backend/vendor/laravel/framework/src/Illuminate/Routing/Route.php(1054): Illuminate/Routing/Route->controllerMiddleware()
#5 C:/Users/LENOVO/Documents/X-RPL/Kelas/27-04-2026/backend/vendor/laravel/framework/src/Illuminate/Routing/Router.php(820): Illuminate/Routing/Route->gatherMiddleware()
#6 C:/Users/LENOVO/Documents/X-RPL/Kelas/27-04-2026/backend/vendor/laravel/framework/src/Illuminate/Routing/Router.php(802): Illuminate/Routing/Router->gatherRouteMiddleware(Object(Illuminate/Routing/Route))
#7 C:/Users/LENOVO/Documents/X-RPL/Kelas/27-04-2026/backend/vendor/laravel/framework/src/Illuminate/Routing/Router.php(786): Illuminate/Routing/Router->runRouteWithinStack(Object(Illuminate/Routing/Route), Object(Illuminate/Http/Request))
#8 C:/Users/LENOVO/Documents/X-RPL/Kelas/27-04-2026/backend/vendor/laravel/framework/src/Illuminate/Routing/Router.php(750): Illuminate/Routing/Router->runRoute(Object(Illuminate/Http/Request), Object(Illuminate/Routing/Route))
#9 C:/Users/LENOVO/Documents/X-RPL/Kelas/27-04-2026/backend/vendor/laravel/framework/src/Illuminate/Routing/Router.php(739): Illuminate/Routing/Router->dispatchToRoute(Object(Illuminate/Http/Request))
#10 C:/Users/LENOVO/Documents/X-RPL/Kelas/27-04-2026/backend/vendor/laravel/framework/src/Illuminate/Foundation/Http/Kernel.php(201): Illuminate/Routing/Router->dispatch(Object(Illuminate/Http/Request))
#11 C:/Users/LENOVO/Documents/X-RPL/Kelas/27-04-2026/backend/vendor/laravel/framework/src/Illuminate/Pipeline/Pipeline.php(170): Illuminate/Foundation/Http/Kernel->Illuminate/Foundation/Http/{closure}(Object(Illuminate/Http/Request))
#12 C:/Users/LENOVO/Documents/X-RPL/Kelas/27-04-2026/backend/vendor/laravel/framework/src/Illuminate/Foundation/Http/Middleware/TransformsRequest.php(21): Illuminate/Pipeline/Pipeline->Illuminate/Pipeline/{closure}(Object(Illuminate/Http/Request))
#13 C:/Users/LENOVO/Documents/X-RPL/Kelas/27-04-2026/backend/vendor/laravel/framework/src/Illuminate/Foundation/Http/Middleware/ConvertEmptyStringsToNull.php(31): Illuminate/Foundation/Http/Middleware/TransformsRequest->handle(Object(Illuminate/Http/Request), Object(Closure))
#14 C:/Users/LENOVO/Documents/X-RPL/Kelas/27-04-2026/backend/vendor/laravel/framework/src/Illuminate/Pipeline/Pipeline.php(209): Illuminate/Foundation/Http/Middleware/ConvertEmptyStringsToNull->handle(Object(Illuminate/Http/Request), Object(Closure))
#15 C:/Users/LENOVO/Documents/X-RPL/Kelas/27-04-2026/backend/vendor/laravel/framework/src/Illuminate/Foundation/Http/Middleware/TransformsRequest.php(21): Illuminate/Pipeline/Pipeline->Illuminate/Pipeline/{closure}(Object(Illuminate/Http/Request))
#16 C:/Users/LENOVO/Documents/X-RPL/Kelas/27-04-2026/backend/vendor/laravel/framework/src/Illuminate/Foundation/Http/Middleware/TrimStrings.php(51): Illuminate/Foundation/Http/Middleware/TransformsRequest->handle(Object(Illuminate/Http/Request), Object(Closure))
#17 C:/Users/LENOVO/Documents/X-RPL/Kelas/27-04-2026/backend/vendor/laravel/framework/src/Illuminate/Pipeline/Pipeline.php(209): Illuminate/Foundation/Http/Middleware/TrimStrings->handle(Object(Illuminate/Http/Request), Object(Closure))
#18 C:/Users/LENOVO/Documents/X-RPL/Kelas/27-04-2026/backend/vendor/laravel/framework/src/Illuminate/Http/Middleware/ValidatePostSize.php(27): Illuminate/Pipeline/Pipeline->Illuminate/Pipeline/{closure}(Object(Illuminate/Http/Request))
#19 C:/Users/LENOVO/Documents/X-RPL/Kelas/27-04-2026/backend/vendor/laravel/framework/src/Illuminate/Pipeline/Pipeline.php(209): Illuminate/Http/Middleware/ValidatePostSize->handle(Object(Illuminate/Http/Request), Object(Closure))
#20 C:/Users/LENOVO/Documents/X-RPL/Kelas/27-04-2026/backend/vendor/laravel/framework/src/Illuminate/Foundation/Http/Middleware/PreventRequestsDuringMaintenance.php(110): Illuminate/Pipeline/Pipeline->Illuminate/Pipeline/{closure}(Object(Illuminate/Http/Request))
#21 C:/Users/LENOVO/Documents/X-RPL/Kelas/27-04-2026/backend/vendor/laravel/framework/src/Illuminate/Pipeline/Pipeline.php(209): Illuminate/Foundation/Http/Middleware/PreventRequestsDuringMaintenance->handle(Object(Illuminate/Http/Request), Object(Closure))
#22 C:/Users/LENOVO/Documents/X-RPL/Kelas/27-04-2026/backend/vendor/laravel/framework/src/Illuminate/Http/Middleware/HandleCors.php(62): Illuminate/Pipeline/Pipeline->Illuminate/Pipeline/{closure}(Object(Illuminate/Http/Request))
#23 C:/Users/LENOVO/Documents/X-RPL/Kelas/27-04-2026/backend/vendor/laravel/framework/src/Illuminate/Pipeline/Pipeline.php(209): Illuminate/Http/Middleware/HandleCors->handle(Object(Illuminate/Http/Request), Object(Closure))
#24 C:/Users/LENOVO/Documents/X-RPL/Kelas/27-04-2026/backend/vendor/laravel/framework/src/Illuminate/Http/Middleware/TrustProxies.php(58): Illuminate/Pipeline/Pipeline->Illuminate/Pipeline/{closure}(Object(Illuminate/Http/Request))
#25 C:/Users/LENOVO/Documents/X-RPL/Kelas/27-04-2026/backend/vendor/laravel/framework/src/Illuminate/Pipeline/Pipeline.php(209): Illuminate/Http/Middleware/TrustProxies->handle(Object(Illuminate/Http/Request), Object(Closure))
#26 C:/Users/LENOVO/Documents/X-RPL/Kelas/27-04-2026/backend/vendor/laravel/framework/src/Illuminate/Foundation/Http/Middleware/InvokeDeferredCallbacks.php(22): Illuminate/Pipeline/Pipeline->Illuminate/Pipeline/{closure}(Object(Illuminate/Http/Request))
#27 C:/Users/LENOVO/Documents/X-RPL/Kelas/27-04-2026/backend/vendor/laravel/framework/src/Illuminate/Pipeline/Pipeline.php(209): Illuminate/Foundation/Http/Middleware/InvokeDeferredCallbacks->handle(Object(Illuminate/Http/Request), Object(Closure))
#28 C:/Users/LENOVO/Documents/X-RPL/Kelas/27-04-2026/backend/vendor/laravel/framework/src/Illuminate/Pipeline/Pipeline.php(127): Illuminate/Pipeline/Pipeline->Illuminate/Pipeline/{closure}(Object(Illuminate/Http/Request))
#29 C:/Users/LENOVO/Documents/X-RPL/Kelas/27-04-2026/backend/vendor/laravel/framework/src/Illuminate/Foundation/Http/Kernel.php(176): Illuminate/Pipeline/Pipeline->then(Object(Closure))
#30 C:/Users/LENOVO/Documents/X-RPL/Kelas/27-04-2026/backend/vendor/laravel/framework/src/Illuminate/Foundation/Http/Kernel.php(145): Illuminate/Foundation/Http/Kernel->sendRequestThroughRouter(Object(Illuminate/Http/Request))
#31 C:/Users/LENOVO/Documents/X-RPL/Kelas/27-04-2026/backend/vendor/laravel/framework/src/Illuminate/Foundation/Application.php(1207): Illuminate/Foundation/Http/Kernel->handle(Object(Illuminate/Http/Request))
#32 C:/Users/LENOVO/Documents/X-RPL/Kelas/27-04-2026/backend/public/index.php(19): Illuminate/Foundation/Application->handle(Object(Illuminate/Http/Request))
#33 C:/Users/LENOVO/Documents/X-RPL/Kelas/27-04-2026/backend/vendor/laravel/framework/src/Illuminate/Foundation/resources/server.php(23): require_once('C://Users//LENOVO...')
#34 {main}
"} 
[2026-05-21 00:29:30] local.ERROR: SQLSTATE[HY000] [2002] No connection could be made because the target machine actively refused it (Connection: mysql, SQL: select * from `sessions` where `id` = dhwBLKkFHYzKFPSWn1g1Gpv9mFT8ZFe7A6VNUYHC limit 1) {"exception":"[object] (Illuminate\\Database\\QueryException(code: 2002): SQLSTATE[HY000] [2002] No connection could be made because the target machine actively refused it (Connection: mysql, SQL: select * from `sessions` where `id` = dhwBLKkFHYzKFPSWn1g1Gpv9mFT8ZFe7A6VNUYHC limit 1) at C:/Users/LENOVO/Documents/X-RPL/Kelas/27-04-2026/backend/vendor/laravel/framework/src/Illuminate/Database/Connection.php:825)
[stacktrace]
#0 C:/Users/LENOVO/Documents/X-RPL/Kelas/27-04-2026/backend/vendor/laravel/framework/src/Illuminate/Database/Connection.php(979): Illuminate/Database/Connection->runQueryCallback('select * from `...', Array, Object(Closure))
#1 C:/Users/LENOVO/Documents/X-RPL/Kelas/27-04-2026/backend/vendor/laravel/framework/src/Illuminate/Database/Connection.php(958): Illuminate/Database/Connection->tryAgainIfCausedByLostConnection(Object(Illuminate/Database/QueryException), 'select * from `...', Array, Object(Closure))
#2 C:/Users/LENOVO/Documents/X-RPL/Kelas/27-04-2026/backend/vendor/laravel/framework/src/Illuminate/Database/Connection.php(781): Illuminate/Database/Connection->handleQueryException(Object(Illuminate/Database/QueryException), 'select * from `...', Array, Object(Closure))
#3 C:/Users/LENOVO/Documents/X-RPL/Kelas/27-04-2026/backend/vendor/laravel/framework/src/Illuminate/Database/Connection.php(398): Illuminate/Database/Connection->run('select * from `...', Array, Object(Closure))
#4 C:/Users/LENOVO/Documents/X-RPL/Kelas/27-04-2026/backend/vendor/laravel/framework/src/Illuminate/Database/Query/Builder.php(3106): Illuminate/Database/Connection->select('select * from `...', Array, false)
#5 C:/Users/LENOVO/Documents/X-RPL/Kelas/27-04-2026/backend/vendor/laravel/framework/src/Illuminate/Database/Query/Builder.php(3091): Illuminate/Database/Query/Builder->runSelect()
#6 C:/Users/LENOVO/Documents/X-RPL/Kelas/27-04-2026/backend/vendor/laravel/framework/src/Illuminate/Database/Query/Builder.php(3676): Illuminate/Database/Query/Builder->Illuminate/Database/Query/{closure}()
#7 C:/Users/LENOVO/Documents/X-RPL/Kelas/27-04-2026/backend/vendor/laravel/framework/src/Illuminate/Database/Query/Builder.php(3090): Illuminate/Database/Query/Builder->onceWithColumns(Array, Object(Closure))
#8 C:/Users/LENOVO/Documents/X-RPL/Kelas/27-04-2026/backend/vendor/laravel/framework/src/Illuminate/Database/Concerns/BuildsQueries.php(343): Illuminate/Database/Query/Builder->get(Array)
#9 C:/Users/LENOVO/Documents/X-RPL/Kelas/27-04-2026/backend/vendor/laravel/framework/src/Illuminate/Database/Query/Builder.php(3013): Illuminate/Database/Query/Builder->first(Array)
#10 C:/Users/LENOVO/Documents/X-RPL/Kelas/27-04-2026/backend/vendor/laravel/framework/src/Illuminate/Session/DatabaseSessionHandler.php(97): Illuminate/Database/Query/Builder->find('dhwBLKkFHYzKFPS...')
#11 C:/Users/LENOVO/Documents/X-RPL/Kelas/27-04-2026/backend/vendor/laravel/framework/src/Illuminate/Session/Store.php(117): Illuminate/Session/DatabaseSessionHandler->read('dhwBLKkFHYzKFPS...')
#12 C:/Users/LENOVO/Documents/X-RPL/Kelas/27-04-2026/backend/vendor/laravel/framework/src/Illuminate/Session/Store.php(105): Illuminate/Session/Store->readFromHandler()
#13 C:/Users/LENOVO/Documents/X-RPL/Kelas/27-04-2026/backend/vendor/laravel/framework/src/Illuminate/Session/Store.php(89): Illuminate/Session/Store->loadSession()
#14 C:/Users/LENOVO/Documents/X-RPL/Kelas/27-04-2026/backend/vendor/laravel/framework/src/Illuminate/Session/Middleware/StartSession.php(147): Illuminate/Session/Store->start()
#15 C:/Users/LENOVO/Documents/X-RPL/Kelas/27-04-2026/backend/vendor/laravel/framework/src/Illuminate/Support/helpers.php(399): Illuminate/Session/Middleware/StartSession->Illuminate/Session/Middleware/{closure}(Object(Illuminate/Session/Store))
#16 C:/Users/LENOVO/Documents/X-RPL/Kelas/27-04-2026/backend/vendor/laravel/framework/src/Illuminate/Session/Middleware/StartSession.php(144): tap(Object(Illuminate/Session/Store), Object(Closure))
#17 C:/Users/LENOVO/Documents/X-RPL/Kelas/27-04-2026/backend/vendor/laravel/framework/src/Illuminate/Session/Middleware/StartSession.php(116): Illuminate/Session/Middleware/StartSession->startSession(Object(Illuminate/Http/Request), Object(Illuminate/Session/Store))
#18 C:/Users/LENOVO/Documents/X-RPL/Kelas/27-04-2026/backend/vendor/laravel/framework/src/Illuminate/Session/Middleware/StartSession.php(64): Illuminate/Session/Middleware/StartSession->handleStatefulRequest(Object(Illuminate/Http/Request), Object(Illuminate/Session/Store), Object(Closure))
#19 C:/Users/LENOVO/Documents/X-RPL/Kelas/27-04-2026/backend/vendor/laravel/framework/src/Illuminate/Pipeline/Pipeline.php(209): Illuminate/Session/Middleware/StartSession->handle(Object(Illuminate/Http/Request), Object(Closure))
#20 C:/Users/LENOVO/Documents/X-RPL/Kelas/27-04-2026/backend/vendor/laravel/framework/src/Illuminate/Cookie/Middleware/AddQueuedCookiesToResponse.php(37): Illuminate/Pipeline/Pipeline->Illuminate/Pipeline/{closure}(Object(Illuminate/Http/Request))
#21 C:/Users/LENOVO/Documents/X-RPL/Kelas/27-04-2026/backend/vendor/laravel/framework/src/Illuminate/Pipeline/Pipeline.php(209): Illuminate/Cookie/Middleware/AddQueuedCookiesToResponse->handle(Object(Illuminate/Http/Request), Object(Closure))
#22 C:/Users/LENOVO/Documents/X-RPL/Kelas/27-04-2026/backend/vendor/laravel/framework/src/Illuminate/Cookie/Middleware/EncryptCookies.php(75): Illuminate/Pipeline/Pipeline->Illuminate/Pipeline/{closure}(Object(Illuminate/Http/Request))
#23 C:/Users/LENOVO/Documents/X-RPL/Kelas/27-04-2026/backend/vendor/laravel/framework/src/Illuminate/Pipeline/Pipeline.php(209): Illuminate/Cookie/Middleware/EncryptCookies->handle(Object(Illuminate/Http/Request), Object(Closure))
#24 C:/Users/LENOVO/Documents/X-RPL/Kelas/27-04-2026/backend/vendor/laravel/framework/src/Illuminate/Pipeline/Pipeline.php(127): Illuminate/Pipeline/Pipeline->Illuminate/Pipeline/{closure}(Object(Illuminate/Http/Request))
#25 C:/Users/LENOVO/Documents/X-RPL/Kelas/27-04-2026/backend/vendor/laravel/framework/src/Illuminate/Routing/Router.php(807): Illuminate/Pipeline/Pipeline->then(Object(Closure))
#26 C:/Users/LENOVO/Documents/X-RPL/Kelas/27-04-2026/backend/vendor/laravel/framework/src/Illuminate/Routing/Router.php(786): Illuminate/Routing/Router->runRouteWithinStack(Object(Illuminate/Routing/Route), Object(Illuminate/Http/Request))
#27 C:/Users/LENOVO/Documents/X-RPL/Kelas/27-04-2026/backend/vendor/laravel/framework/src/Illuminate/Routing/Router.php(750): Illuminate/Routing/Router->runRoute(Object(Illuminate/Http/Request), Object(Illuminate/Routing/Route))
#28 C:/Users/LENOVO/Documents/X-RPL/Kelas/27-04-2026/backend/vendor/laravel/framework/src/Illuminate/Routing/Router.php(739): Illuminate/Routing/Router->dispatchToRoute(Object(Illuminate/Http/Request))
#29 C:/Users/LENOVO/Documents/X-RPL/Kelas/27-04-2026/backend/vendor/laravel/framework/src/Illuminate/Foundation/Http/Kernel.php(201): Illuminate/Routing/Router->dispatch(Object(Illuminate/Http/Request))
#30 C:/Users/LENOVO/Documents/X-RPL/Kelas/27-04-2026/backend/vendor/laravel/framework/src/Illuminate/Pipeline/Pipeline.php(170): Illuminate/Foundation/Http/Kernel->Illuminate/Foundation/Http/{closure}(Object(Illuminate/Http/Request))
#31 C:/Users/LENOVO/Documents/X-RPL/Kelas/27-04-2026/backend/vendor/laravel/framework/src/Illuminate/Foundation/Http/Middleware/TransformsRequest.php(21): Illuminate/Pipeline/Pipeline->Illuminate/Pipeline/{closure}(Object(Illuminate/Http/Request))
#32 C:/Users/LENOVO/Documents/X-RPL/Kelas/27-04-2026/backend/vendor/laravel/framework/src/Illuminate/Foundation/Http/Middleware/ConvertEmptyStringsToNull.php(31): Illuminate/Foundation/Http/Middleware/TransformsRequest->handle(Object(Illuminate/Http/Request), Object(Closure))
#33 C:/Users/LENOVO/Documents/X-RPL/Kelas/27-04-2026/backend/vendor/laravel/framework/src/Illuminate/Pipeline/Pipeline.php(209): Illuminate/Foundation/Http/Middleware/ConvertEmptyStringsToNull->handle(Object(Illuminate/Http/Request), Object(Closure))
#34 C:/Users/LENOVO/Documents/X-RPL/Kelas/27-04-2026/backend/vendor/laravel/framework/src/Illuminate/Foundation/Http/Middleware/TransformsRequest.php(21): Illuminate/Pipeline/Pipeline->Illuminate/Pipeline/{closure}(Object(Illuminate/Http/Request))
#35 C:/Users/LENOVO/Documents/X-RPL/Kelas/27-04-2026/backend/vendor/laravel/framework/src/Illuminate/Foundation/Http/Middleware/TrimStrings.php(51): Illuminate/Foundation/Http/Middleware/TransformsRequest->handle(Object(Illuminate/Http/Request), Object(Closure))
#36 C:/Users/LENOVO/Documents/X-RPL/Kelas/27-04-2026/backend/vendor/laravel/framework/src/Illuminate/Pipeline/Pipeline.php(209): Illuminate/Foundation/Http/Middleware/TrimStrings->handle(Object(Illuminate/Http/Request), Object(Closure))
#37 C:/Users/LENOVO/Documents/X-RPL/Kelas/27-04-2026/backend/vendor/laravel/framework/src/Illuminate/Http/Middleware/ValidatePostSize.php(27): Illuminate/Pipeline/Pipeline->Illuminate/Pipeline/{closure}(Object(Illuminate/Http/Request))
#38 C:/Users/LENOVO/Documents/X-RPL/Kelas/27-04-2026/backend/vendor/laravel/framework/src/Illuminate/Pipeline/Pipeline.php(209): Illuminate/Http/Middleware/ValidatePostSize->handle(Object(Illuminate/Http/Request), Object(Closure))
#39 C:/Users/LENOVO/Documents/X-RPL/Kelas/27-04-2026/backend/vendor/laravel/framework/src/Illuminate/Foundation/Http/Middleware/PreventRequestsDuringMaintenance.php(110): Illuminate/Pipeline/Pipeline->Illuminate/Pipeline/{closure}(Object(Illuminate/Http/Request))
#40 C:/Users/LENOVO/Documents/X-RPL/Kelas/27-04-2026/backend/vendor/laravel/framework/src/Illuminate/Pipeline/Pipeline.php(209): Illuminate/Foundation/Http/Middleware/PreventRequestsDuringMaintenance->handle(Object(Illuminate/Http/Request), Object(Closure))
#41 C:/Users/LENOVO/Documents/X-RPL/Kelas/27-04-2026/backend/vendor/laravel/framework/src/Illuminate/Http/Middleware/HandleCors.php(49): Illuminate/Pipeline/Pipeline->Illuminate/Pipeline/{closure}(Object(Illuminate/Http/Request))
#42 C:/Users/LENOVO/Documents/X-RPL/Kelas/27-04-2026/backend/vendor/laravel/framework/src/Illuminate/Pipeline/Pipeline.php(209): Illuminate/Http/Middleware/HandleCors->handle(Object(Illuminate/Http/Request), Object(Closure))
#43 C:/Users/LENOVO/Documents/X-RPL/Kelas/27-04-2026/backend/vendor/laravel/framework/src/Illuminate/Http/Middleware/TrustProxies.php(58): Illuminate/Pipeline/Pipeline->Illuminate/Pipeline/{closure}(Object(Illuminate/Http/Request))
#44 C:/Users/LENOVO/Documents/X-RPL/Kelas/27-04-2026/backend/vendor/laravel/framework/src/Illuminate/Pipeline/Pipeline.php(209): Illuminate/Http/Middleware/TrustProxies->handle(Object(Illuminate/Http/Request), Object(Closure))
#45 C:/Users/LENOVO/Documents/X-RPL/Kelas/27-04-2026/backend/vendor/laravel/framework/src/Illuminate/Foundation/Http/Middleware/InvokeDeferredCallbacks.php(22): Illuminate/Pipeline/Pipeline->Illuminate/Pipeline/{closure}(Object(Illuminate/Http/Request))
#46 C:/Users/LENOVO/Documents/X-RPL/Kelas/27-04-2026/backend/vendor/laravel/framework/src/Illuminate/Pipeline/Pipeline.php(209): Illuminate/Foundation/Http/Middleware/InvokeDeferredCallbacks->handle(Object(Illuminate/Http/Request), Object(Closure))
#47 C:/Users/LENOVO/Documents/X-RPL/Kelas/27-04-2026/backend/vendor/laravel/framework/src/Illuminate/Pipeline/Pipeline.php(127): Illuminate/Pipeline/Pipeline->Illuminate/Pipeline/{closure}(Object(Illuminate/Http/Request))
#48 C:/Users/LENOVO/Documents/X-RPL/Kelas/27-04-2026/backend/vendor/laravel/framework/src/Illuminate/Foundation/Http/Kernel.php(176): Illuminate/Pipeline/Pipeline->then(Object(Closure))
#49 C:/Users/LENOVO/Documents/X-RPL/Kelas/27-04-2026/backend/vendor/laravel/framework/src/Illuminate/Foundation/Http/Kernel.php(145): Illuminate/Foundation/Http/Kernel->sendRequestThroughRouter(Object(Illuminate/Http/Request))
#50 C:/Users/LENOVO/Documents/X-RPL/Kelas/27-04-2026/backend/vendor/laravel/framework/src/Illuminate/Foundation/Application.php(1207): Illuminate/Foundation/Http/Kernel->handle(Object(Illuminate/Http/Request))
#51 C:/Users/LENOVO/Documents/X-RPL/Kelas/27-04-2026/backend/public/index.php(19): Illuminate/Foundation/Application->handle(Object(Illuminate/Http/Request))
#52 C:/Users/LENOVO/Documents/X-RPL/Kelas/27-04-2026/backend/vendor/laravel/framework/src/Illuminate/Foundation/resources/server.php(23): require_once('C://Users//LENOVO...')
#53 {main}

[previous exception] [object] (PDOException(code: 2002): SQLSTATE[HY000] [2002] No connection could be made because the target machine actively refused it at C:/Users/LENOVO/Documents/X-RPL/Kelas/27-04-2026/backend/vendor/laravel/framework/src/Illuminate/Database/Connectors/Connector.php:66)
[stacktrace]
#0 C:/Users/LENOVO/Documents/X-RPL/Kelas/27-04-2026/backend/vendor/laravel/framework/src/Illuminate/Database/Connectors/Connector.php(66): PDO->__construct('mysql:host=127....', 'root', Object(SensitiveParameterValue), Array)
#1 C:/Users/LENOVO/Documents/X-RPL/Kelas/27-04-2026/backend/vendor/laravel/framework/src/Illuminate/Database/Connectors/Connector.php(85): Illuminate/Database/Connectors/Connector->createPdoConnection('mysql:host=127....', 'root', Object(SensitiveParameterValue), Array)
#2 C:/Users/LENOVO/Documents/X-RPL/Kelas/27-04-2026/backend/vendor/laravel/framework/src/Illuminate/Database/Connectors/Connector.php(48): Illuminate/Database/Connectors/Connector->tryAgainIfCausedByLostConnection(Object(PDOException), 'mysql:host=127....', 'root', Object(SensitiveParameterValue), Array)
#3 C:/Users/LENOVO/Documents/X-RPL/Kelas/27-04-2026/backend/vendor/laravel/framework/src/Illuminate/Database/Connectors/MySqlConnector.php(24): Illuminate/Database/Connectors/Connector->createConnection('mysql:host=127....', Array, Array)
#4 C:/Users/LENOVO/Documents/X-RPL/Kelas/27-04-2026/backend/vendor/laravel/framework/src/Illuminate/Database/Connectors/ConnectionFactory.php(185): Illuminate/Database/Connectors/MySqlConnector->connect(Array)
#5 [internal function]: Illuminate/Database/Connectors/ConnectionFactory->Illuminate/Database/Connectors/{closure}()
#6 C:/Users/LENOVO/Documents/X-RPL/Kelas/27-04-2026/backend/vendor/laravel/framework/src/Illuminate/Database/Connection.php(1231): call_user_func(Object(Closure))
#7 C:/Users/LENOVO/Documents/X-RPL/Kelas/27-04-2026/backend/vendor/laravel/framework/src/Illuminate/Database/Connection.php(512): Illuminate/Database/Connection->getPdo()
#8 C:/Users/LENOVO/Documents/X-RPL/Kelas/27-04-2026/backend/vendor/laravel/framework/src/Illuminate/Database/Connection.php(407): Illuminate/Database/Connection->getPdoForSelect(false)
#9 C:/Users/LENOVO/Documents/X-RPL/Kelas/27-04-2026/backend/vendor/laravel/framework/src/Illuminate/Database/Connection.php(812): Illuminate/Database/Connection->Illuminate/Database/{closure}('select * from `...', Array)
#10 C:/Users/LENOVO/Documents/X-RPL/Kelas/27-04-2026/backend/vendor/laravel/framework/src/Illuminate/Database/Connection.php(979): Illuminate/Database/Connection->runQueryCallback('select * from `...', Array, Object(Closure))
#11 C:/Users/LENOVO/Documents/X-RPL/Kelas/27-04-2026/backend/vendor/laravel/framework/src/Illuminate/Database/Connection.php(958): Illuminate/Database/Connection->tryAgainIfCausedByLostConnection(Object(Illuminate/Database/QueryException), 'select * from `...', Array, Object(Closure))
#12 C:/Users/LENOVO/Documents/X-RPL/Kelas/27-04-2026/backend/vendor/laravel/framework/src/Illuminate/Database/Connection.php(781): Illuminate/Database/Connection->handleQueryException(Object(Illuminate/Database/QueryException), 'select * from `...', Array, Object(Closure))
#13 C:/Users/LENOVO/Documents/X-RPL/Kelas/27-04-2026/backend/vendor/laravel/framework/src/Illuminate/Database/Connection.php(398): Illuminate/Database/Connection->run('select * from `...', Array, Object(Closure))
#14 C:/Users/LENOVO/Documents/X-RPL/Kelas/27-04-2026/backend/vendor/laravel/framework/src/Illuminate/Database/Query/Builder.php(3106): Illuminate/Database/Connection->select('select * from `...', Array, false)
#15 C:/Users/LENOVO/Documents/X-RPL/Kelas/27-04-2026/backend/vendor/laravel/framework/src/Illuminate/Database/Query/Builder.php(3091): Illuminate/Database/Query/Builder->runSelect()
#16 C:/Users/LENOVO/Documents/X-RPL/Kelas/27-04-2026/backend/vendor/laravel/framework/src/Illuminate/Database/Query/Builder.php(3676): Illuminate/Database/Query/Builder->Illuminate/Database/Query/{closure}()
#17 C:/Users/LENOVO/Documents/X-RPL/Kelas/27-04-2026/backend/vendor/laravel/framework/src/Illuminate/Database/Query/Builder.php(3090): Illuminate/Database/Query/Builder->onceWithColumns(Array, Object(Closure))
#18 C:/Users/LENOVO/Documents/X-RPL/Kelas/27-04-2026/backend/vendor/laravel/framework/src/Illuminate/Database/Concerns/BuildsQueries.php(343): Illuminate/Database/Query/Builder->get(Array)
#19 C:/Users/LENOVO/Documents/X-RPL/Kelas/27-04-2026/backend/vendor/laravel/framework/src/Illuminate/Database/Query/Builder.php(3013): Illuminate/Database/Query/Builder->first(Array)
#20 C:/Users/LENOVO/Documents/X-RPL/Kelas/27-04-2026/backend/vendor/laravel/framework/src/Illuminate/Session/DatabaseSessionHandler.php(97): Illuminate/Database/Query/Builder->find('dhwBLKkFHYzKFPS...')
#21 C:/Users/LENOVO/Documents/X-RPL/Kelas/27-04-2026/backend/vendor/laravel/framework/src/Illuminate/Session/Store.php(117): Illuminate/Session/DatabaseSessionHandler->read('dhwBLKkFHYzKFPS...')
#22 C:/Users/LENOVO/Documents/X-RPL/Kelas/27-04-2026/backend/vendor/laravel/framework/src/Illuminate/Session/Store.php(105): Illuminate/Session/Store->readFromHandler()
#23 C:/Users/LENOVO/Documents/X-RPL/Kelas/27-04-2026/backend/vendor/laravel/framework/src/Illuminate/Session/Store.php(89): Illuminate/Session/Store->loadSession()
#24 C:/Users/LENOVO/Documents/X-RPL/Kelas/27-04-2026/backend/vendor/laravel/framework/src/Illuminate/Session/Middleware/StartSession.php(147): Illuminate/Session/Store->start()
#25 C:/Users/LENOVO/Documents/X-RPL/Kelas/27-04-2026/backend/vendor/laravel/framework/src/Illuminate/Support/helpers.php(399): Illuminate/Session/Middleware/StartSession->Illuminate/Session/Middleware/{closure}(Object(Illuminate/Session/Store))
#26 C:/Users/LENOVO/Documents/X-RPL/Kelas/27-04-2026/backend/vendor/laravel/framework/src/Illuminate/Session/Middleware/StartSession.php(144): tap(Object(Illuminate/Session/Store), Object(Closure))
#27 C:/Users/LENOVO/Documents/X-RPL/Kelas/27-04-2026/backend/vendor/laravel/framework/src/Illuminate/Session/Middleware/StartSession.php(116): Illuminate/Session/Middleware/StartSession->startSession(Object(Illuminate/Http/Request), Object(Illuminate/Session/Store))
#28 C:/Users/LENOVO/Documents/X-RPL/Kelas/27-04-2026/backend/vendor/laravel/framework/src/Illuminate/Session/Middleware/StartSession.php(64): Illuminate/Session/Middleware/StartSession->handleStatefulRequest(Object(Illuminate/Http/Request), Object(Illuminate/Session/Store), Object(Closure))
#29 C:/Users/LENOVO/Documents/X-RPL/Kelas/27-04-2026/backend/vendor/laravel/framework/src/Illuminate/Pipeline/Pipeline.php(209): Illuminate/Session/Middleware/StartSession->handle(Object(Illuminate/Http/Request), Object(Closure))
#30 C:/Users/LENOVO/Documents/X-RPL/Kelas/27-04-2026/backend/vendor/laravel/framework/src/Illuminate/Cookie/Middleware/AddQueuedCookiesToResponse.php(37): Illuminate/Pipeline/Pipeline->Illuminate/Pipeline/{closure}(Object(Illuminate/Http/Request))
#31 C:/Users/LENOVO/Documents/X-RPL/Kelas/27-04-2026/backend/vendor/laravel/framework/src/Illuminate/Pipeline/Pipeline.php(209): Illuminate/Cookie/Middleware/AddQueuedCookiesToResponse->handle(Object(Illuminate/Http/Request), Object(Closure))
#32 C:/Users/LENOVO/Documents/X-RPL/Kelas/27-04-2026/backend/vendor/laravel/framework/src/Illuminate/Cookie/Middleware/EncryptCookies.php(75): Illuminate/Pipeline/Pipeline->Illuminate/Pipeline/{closure}(Object(Illuminate/Http/Request))
#33 C:/Users/LENOVO/Documents/X-RPL/Kelas/27-04-2026/backend/vendor/laravel/framework/src/Illuminate/Pipeline/Pipeline.php(209): Illuminate/Cookie/Middleware/EncryptCookies->handle(Object(Illuminate/Http/Request), Object(Closure))
#34 C:/Users/LENOVO/Documents/X-RPL/Kelas/27-04-2026/backend/vendor/laravel/framework/src/Illuminate/Pipeline/Pipeline.php(127): Illuminate/Pipeline/Pipeline->Illuminate/Pipeline/{closure}(Object(Illuminate/Http/Request))
#35 C:/Users/LENOVO/Documents/X-RPL/Kelas/27-04-2026/backend/vendor/laravel/framework/src/Illuminate/Routing/Router.php(807): Illuminate/Pipeline/Pipeline->then(Object(Closure))
#36 C:/Users/LENOVO/Documents/X-RPL/Kelas/27-04-2026/backend/vendor/laravel/framework/src/Illuminate/Routing/Router.php(786): Illuminate/Routing/Router->runRouteWithinStack(Object(Illuminate/Routing/Route), Object(Illuminate/Http/Request))
#37 C:/Users/LENOVO/Documents/X-RPL/Kelas/27-04-2026/backend/vendor/laravel/framework/src/Illuminate/Routing/Router.php(750): Illuminate/Routing/Router->runRoute(Object(Illuminate/Http/Request), Object(Illuminate/Routing/Route))
#38 C:/Users/LENOVO/Documents/X-RPL/Kelas/27-04-2026/backend/vendor/laravel/framework/src/Illuminate/Routing/Router.php(739): Illuminate/Routing/Router->dispatchToRoute(Object(Illuminate/Http/Request))
#39 C:/Users/LENOVO/Documents/X-RPL/Kelas/27-04-2026/backend/vendor/laravel/framework/src/Illuminate/Foundation/Http/Kernel.php(201): Illuminate/Routing/Router->dispatch(Object(Illuminate/Http/Request))
#40 C:/Users/LENOVO/Documents/X-RPL/Kelas/27-04-2026/backend/vendor/laravel/framework/src/Illuminate/Pipeline/Pipeline.php(170): Illuminate/Foundation/Http/Kernel->Illuminate/Foundation/Http/{closure}(Object(Illuminate/Http/Request))
#41 C:/Users/LENOVO/Documents/X-RPL/Kelas/27-04-2026/backend/vendor/laravel/framework/src/Illuminate/Foundation/Http/Middleware/TransformsRequest.php(21): Illuminate/Pipeline/Pipeline->Illuminate/Pipeline/{closure}(Object(Illuminate/Http/Request))
#42 C:/Users/LENOVO/Documents/X-RPL/Kelas/27-04-2026/backend/vendor/laravel/framework/src/Illuminate/Foundation/Http/Middleware/ConvertEmptyStringsToNull.php(31): Illuminate/Foundation/Http/Middleware/TransformsRequest->handle(Object(Illuminate/Http/Request), Object(Closure))
#43 C:/Users/LENOVO/Documents/X-RPL/Kelas/27-04-2026/backend/vendor/laravel/framework/src/Illuminate/Pipeline/Pipeline.php(209): Illuminate/Foundation/Http/Middleware/ConvertEmptyStringsToNull->handle(Object(Illuminate/Http/Request), Object(Closure))
#44 C:/Users/LENOVO/Documents/X-RPL/Kelas/27-04-2026/backend/vendor/laravel/framework/src/Illuminate/Foundation/Http/Middleware/TransformsRequest.php(21): Illuminate/Pipeline/Pipeline->Illuminate/Pipeline/{closure}(Object(Illuminate/Http/Request))
#45 C:/Users/LENOVO/Documents/X-RPL/Kelas/27-04-2026/backend/vendor/laravel/framework/src/Illuminate/Foundation/Http/Middleware/TrimStrings.php(51): Illuminate/Foundation/Http/Middleware/TransformsRequest->handle(Object(Illuminate/Http/Request), Object(Closure))
#46 C:/Users/LENOVO/Documents/X-RPL/Kelas/27-04-2026/backend/vendor/laravel/framework/src/Illuminate/Pipeline/Pipeline.php(209): Illuminate/Foundation/Http/Middleware/TrimStrings->handle(Object(Illuminate/Http/Request), Object(Closure))
#47 C:/Users/LENOVO/Documents/X-RPL/Kelas/27-04-2026/backend/vendor/laravel/framework/src/Illuminate/Http/Middleware/ValidatePostSize.php(27): Illuminate/Pipeline/Pipeline->Illuminate/Pipeline/{closure}(Object(Illuminate/Http/Request))
#48 C:/Users/LENOVO/Documents/X-RPL/Kelas/27-04-2026/backend/vendor/laravel/framework/src/Illuminate/Pipeline/Pipeline.php(209): Illuminate/Http/Middleware/ValidatePostSize->handle(Object(Illuminate/Http/Request), Object(Closure))
#49 C:/Users/LENOVO/Documents/X-RPL/Kelas/27-04-2026/backend/vendor/laravel/framework/src/Illuminate/Foundation/Http/Middleware/PreventRequestsDuringMaintenance.php(110): Illuminate/Pipeline/Pipeline->Illuminate/Pipeline/{closure}(Object(Illuminate/Http/Request))
#50 C:/Users/LENOVO/Documents/X-RPL/Kelas/27-04-2026/backend/vendor/laravel/framework/src/Illuminate/Pipeline/Pipeline.php(209): Illuminate/Foundation/Http/Middleware/PreventRequestsDuringMaintenance->handle(Object(Illuminate/Http/Request), Object(Closure))
#51 C:/Users/LENOVO/Documents/X-RPL/Kelas/27-04-2026/backend/vendor/laravel/framework/src/Illuminate/Http/Middleware/HandleCors.php(49): Illuminate/Pipeline/Pipeline->Illuminate/Pipeline/{closure}(Object(Illuminate/Http/Request))
#52 C:/Users/LENOVO/Documents/X-RPL/Kelas/27-04-2026/backend/vendor/laravel/framework/src/Illuminate/Pipeline/Pipeline.php(209): Illuminate/Http/Middleware/HandleCors->handle(Object(Illuminate/Http/Request), Object(Closure))
#53 C:/Users/LENOVO/Documents/X-RPL/Kelas/27-04-2026/backend/vendor/laravel/framework/src/Illuminate/Http/Middleware/TrustProxies.php(58): Illuminate/Pipeline/Pipeline->Illuminate/Pipeline/{closure}(Object(Illuminate/Http/Request))
#54 C:/Users/LENOVO/Documents/X-RPL/Kelas/27-04-2026/backend/vendor/laravel/framework/src/Illuminate/Pipeline/Pipeline.php(209): Illuminate/Http/Middleware/TrustProxies->handle(Object(Illuminate/Http/Request), Object(Closure))
#55 C:/Users/LENOVO/Documents/X-RPL/Kelas/27-04-2026/backend/vendor/laravel/framework/src/Illuminate/Foundation/Http/Middleware/InvokeDeferredCallbacks.php(22): Illuminate/Pipeline/Pipeline->Illuminate/Pipeline/{closure}(Object(Illuminate/Http/Request))
#56 C:/Users/LENOVO/Documents/X-RPL/Kelas/27-04-2026/backend/vendor/laravel/framework/src/Illuminate/Pipeline/Pipeline.php(209): Illuminate/Foundation/Http/Middleware/InvokeDeferredCallbacks->handle(Object(Illuminate/Http/Request), Object(Closure))
#57 C:/Users/LENOVO/Documents/X-RPL/Kelas/27-04-2026/backend/vendor/laravel/framework/src/Illuminate/Pipeline/Pipeline.php(127): Illuminate/Pipeline/Pipeline->Illuminate/Pipeline/{closure}(Object(Illuminate/Http/Request))
#58 C:/Users/LENOVO/Documents/X-RPL/Kelas/27-04-2026/backend/vendor/laravel/framework/src/Illuminate/Foundation/Http/Kernel.php(176): Illuminate/Pipeline/Pipeline->then(Object(Closure))
#59 C:/Users/LENOVO/Documents/X-RPL/Kelas/27-04-2026/backend/vendor/laravel/framework/src/Illuminate/Foundation/Http/Kernel.php(145): Illuminate/Foundation/Http/Kernel->sendRequestThroughRouter(Object(Illuminate/Http/Request))
#60 C:/Users/LENOVO/Documents/X-RPL/Kelas/27-04-2026/backend/vendor/laravel/framework/src/Illuminate/Foundation/Application.php(1207): Illuminate/Foundation/Http/Kernel->handle(Object(Illuminate/Http/Request))
#61 C:/Users/LENOVO/Documents/X-RPL/Kelas/27-04-2026/backend/public/index.php(19): Illuminate/Foundation/Application->handle(Object(Illuminate/Http/Request))
#62 C:/Users/LENOVO/Documents/X-RPL/Kelas/27-04-2026/backend/vendor/laravel/framework/src/Illuminate/Foundation/resources/server.php(23): require_once('C://Users//LENOVO...')
#63 {main}
"} 
[2026-05-21 00:37:01] local.ERROR: Class "App\Http\Controllers\Controller" not found {"exception":"[object] (Error(code: 0): Class \"App\\Http\\Controllers\\Controller\" not found at C:/Users/LENOVO/Documents/X-RPL/Kelas/27-04-2026/backend/app/Http/Controllers/GuestbookController.php:9)
[stacktrace]
#0 C:/Users/LENOVO/Documents/X-RPL/Kelas/27-04-2026/backend/vendor/composer/ClassLoader.php(576): include()
#1 C:/Users/LENOVO/Documents/X-RPL/Kelas/27-04-2026/backend/vendor/composer/ClassLoader.php(427): Composer/Autoload/{closure}('C://Users//LENOVO...')
#2 [internal function]: Composer/Autoload/ClassLoader->loadClass('App//Http//Contro...')
#3 C:/Users/LENOVO/Documents/X-RPL/Kelas/27-04-2026/backend/vendor/laravel/framework/src/Illuminate/Routing/Route.php(1117): is_a('App//Http//Contro...', 'Illuminate//Rout...', true)
#4 C:/Users/LENOVO/Documents/X-RPL/Kelas/27-04-2026/backend/vendor/laravel/framework/src/Illuminate/Routing/Route.php(1054): Illuminate/Routing/Route->controllerMiddleware()
#5 C:/Users/LENOVO/Documents/X-RPL/Kelas/27-04-2026/backend/vendor/laravel/framework/src/Illuminate/Routing/Router.php(820): Illuminate/Routing/Route->gatherMiddleware()
#6 C:/Users/LENOVO/Documents/X-RPL/Kelas/27-04-2026/backend/vendor/laravel/framework/src/Illuminate/Routing/Router.php(802): Illuminate/Routing/Router->gatherRouteMiddleware(Object(Illuminate/Routing/Route))
#7 C:/Users/LENOVO/Documents/X-RPL/Kelas/27-04-2026/backend/vendor/laravel/framework/src/Illuminate/Routing/Router.php(786): Illuminate/Routing/Router->runRouteWithinStack(Object(Illuminate/Routing/Route), Object(Illuminate/Http/Request))
#8 C:/Users/LENOVO/Documents/X-RPL/Kelas/27-04-2026/backend/vendor/laravel/framework/src/Illuminate/Routing/Router.php(750): Illuminate/Routing/Router->runRoute(Object(Illuminate/Http/Request), Object(Illuminate/Routing/Route))
#9 C:/Users/LENOVO/Documents/X-RPL/Kelas/27-04-2026/backend/vendor/laravel/framework/src/Illuminate/Routing/Router.php(739): Illuminate/Routing/Router->dispatchToRoute(Object(Illuminate/Http/Request))
#10 C:/Users/LENOVO/Documents/X-RPL/Kelas/27-04-2026/backend/vendor/laravel/framework/src/Illuminate/Foundation/Http/Kernel.php(201): Illuminate/Routing/Router->dispatch(Object(Illuminate/Http/Request))
#11 C:/Users/LENOVO/Documents/X-RPL/Kelas/27-04-2026/backend/vendor/laravel/framework/src/Illuminate/Pipeline/Pipeline.php(170): Illuminate/Foundation/Http/Kernel->Illuminate/Foundation/Http/{closure}(Object(Illuminate/Http/Request))
#12 C:/Users/LENOVO/Documents/X-RPL/Kelas/27-04-2026/backend/vendor/laravel/framework/src/Illuminate/Foundation/Http/Middleware/TransformsRequest.php(21): Illuminate/Pipeline/Pipeline->Illuminate/Pipeline/{closure}(Object(Illuminate/Http/Request))
#13 C:/Users/LENOVO/Documents/X-RPL/Kelas/27-04-2026/backend/vendor/laravel/framework/src/Illuminate/Foundation/Http/Middleware/ConvertEmptyStringsToNull.php(31): Illuminate/Foundation/Http/Middleware/TransformsRequest->handle(Object(Illuminate/Http/Request), Object(Closure))
#14 C:/Users/LENOVO/Documents/X-RPL/Kelas/27-04-2026/backend/vendor/laravel/framework/src/Illuminate/Pipeline/Pipeline.php(209): Illuminate/Foundation/Http/Middleware/ConvertEmptyStringsToNull->handle(Object(Illuminate/Http/Request), Object(Closure))
#15 C:/Users/LENOVO/Documents/X-RPL/Kelas/27-04-2026/backend/vendor/laravel/framework/src/Illuminate/Foundation/Http/Middleware/TransformsRequest.php(21): Illuminate/Pipeline/Pipeline->Illuminate/Pipeline/{closure}(Object(Illuminate/Http/Request))
#16 C:/Users/LENOVO/Documents/X-RPL/Kelas/27-04-2026/backend/vendor/laravel/framework/src/Illuminate/Foundation/Http/Middleware/TrimStrings.php(51): Illuminate/Foundation/Http/Middleware/TransformsRequest->handle(Object(Illuminate/Http/Request), Object(Closure))
#17 C:/Users/LENOVO/Documents/X-RPL/Kelas/27-04-2026/backend/vendor/laravel/framework/src/Illuminate/Pipeline/Pipeline.php(209): Illuminate/Foundation/Http/Middleware/TrimStrings->handle(Object(Illuminate/Http/Request), Object(Closure))
#18 C:/Users/LENOVO/Documents/X-RPL/Kelas/27-04-2026/backend/vendor/laravel/framework/src/Illuminate/Http/Middleware/ValidatePostSize.php(27): Illuminate/Pipeline/Pipeline->Illuminate/Pipeline/{closure}(Object(Illuminate/Http/Request))
#19 C:/Users/LENOVO/Documents/X-RPL/Kelas/27-04-2026/backend/vendor/laravel/framework/src/Illuminate/Pipeline/Pipeline.php(209): Illuminate/Http/Middleware/ValidatePostSize->handle(Object(Illuminate/Http/Request), Object(Closure))
#20 C:/Users/LENOVO/Documents/X-RPL/Kelas/27-04-2026/backend/vendor/laravel/framework/src/Illuminate/Foundation/Http/Middleware/PreventRequestsDuringMaintenance.php(110): Illuminate/Pipeline/Pipeline->Illuminate/Pipeline/{closure}(Object(Illuminate/Http/Request))
#21 C:/Users/LENOVO/Documents/X-RPL/Kelas/27-04-2026/backend/vendor/laravel/framework/src/Illuminate/Pipeline/Pipeline.php(209): Illuminate/Foundation/Http/Middleware/PreventRequestsDuringMaintenance->handle(Object(Illuminate/Http/Request), Object(Closure))
#22 C:/Users/LENOVO/Documents/X-RPL/Kelas/27-04-2026/backend/vendor/laravel/framework/src/Illuminate/Http/Middleware/HandleCors.php(62): Illuminate/Pipeline/Pipeline->Illuminate/Pipeline/{closure}(Object(Illuminate/Http/Request))
#23 C:/Users/LENOVO/Documents/X-RPL/Kelas/27-04-2026/backend/vendor/laravel/framework/src/Illuminate/Pipeline/Pipeline.php(209): Illuminate/Http/Middleware/HandleCors->handle(Object(Illuminate/Http/Request), Object(Closure))
#24 C:/Users/LENOVO/Documents/X-RPL/Kelas/27-04-2026/backend/vendor/laravel/framework/src/Illuminate/Http/Middleware/TrustProxies.php(58): Illuminate/Pipeline/Pipeline->Illuminate/Pipeline/{closure}(Object(Illuminate/Http/Request))
#25 C:/Users/LENOVO/Documents/X-RPL/Kelas/27-04-2026/backend/vendor/laravel/framework/src/Illuminate/Pipeline/Pipeline.php(209): Illuminate/Http/Middleware/TrustProxies->handle(Object(Illuminate/Http/Request), Object(Closure))
#26 C:/Users/LENOVO/Documents/X-RPL/Kelas/27-04-2026/backend/vendor/laravel/framework/src/Illuminate/Foundation/Http/Middleware/InvokeDeferredCallbacks.php(22): Illuminate/Pipeline/Pipeline->Illuminate/Pipeline/{closure}(Object(Illuminate/Http/Request))
#27 C:/Users/LENOVO/Documents/X-RPL/Kelas/27-04-2026/backend/vendor/laravel/framework/src/Illuminate/Pipeline/Pipeline.php(209): Illuminate/Foundation/Http/Middleware/InvokeDeferredCallbacks->handle(Object(Illuminate/Http/Request), Object(Closure))
#28 C:/Users/LENOVO/Documents/X-RPL/Kelas/27-04-2026/backend/vendor/laravel/framework/src/Illuminate/Pipeline/Pipeline.php(127): Illuminate/Pipeline/Pipeline->Illuminate/Pipeline/{closure}(Object(Illuminate/Http/Request))
#29 C:/Users/LENOVO/Documents/X-RPL/Kelas/27-04-2026/backend/vendor/laravel/framework/src/Illuminate/Foundation/Http/Kernel.php(176): Illuminate/Pipeline/Pipeline->then(Object(Closure))
#30 C:/Users/LENOVO/Documents/X-RPL/Kelas/27-04-2026/backend/vendor/laravel/framework/src/Illuminate/Foundation/Http/Kernel.php(145): Illuminate/Foundation/Http/Kernel->sendRequestThroughRouter(Object(Illuminate/Http/Request))
#31 C:/Users/LENOVO/Documents/X-RPL/Kelas/27-04-2026/backend/vendor/laravel/framework/src/Illuminate/Foundation/Application.php(1207): Illuminate/Foundation/Http/Kernel->handle(Object(Illuminate/Http/Request))
#32 C:/Users/LENOVO/Documents/X-RPL/Kelas/27-04-2026/backend/public/index.php(19): Illuminate/Foundation/Application->handle(Object(Illuminate/Http/Request))
#33 C:/Users/LENOVO/Documents/X-RPL/Kelas/27-04-2026/backend/vendor/laravel/framework/src/Illuminate/Foundation/resources/server.php(23): require_once('C://Users//LENOVO...')
#34 {main}
"} 
[2026-05-21 00:37:03] local.ERROR: Class "App\Http\Controllers\Controller" not found {"exception":"[object] (Error(code: 0): Class \"App\\Http\\Controllers\\Controller\" not found at C:/Users/LENOVO/Documents/X-RPL/Kelas/27-04-2026/backend/app/Http/Controllers/GuestbookController.php:9)
[stacktrace]
#0 C:/Users/LENOVO/Documents/X-RPL/Kelas/27-04-2026/backend/vendor/composer/ClassLoader.php(576): include()
#1 C:/Users/LENOVO/Documents/X-RPL/Kelas/27-04-2026/backend/vendor/composer/ClassLoader.php(427): Composer/Autoload/{closure}('C://Users//LENOVO...')
#2 [internal function]: Composer/Autoload/ClassLoader->loadClass('App//Http//Contro...')
#3 C:/Users/LENOVO/Documents/X-RPL/Kelas/27-04-2026/backend/vendor/laravel/framework/src/Illuminate/Routing/Route.php(1117): is_a('App//Http//Contro...', 'Illuminate//Rout...', true)
#4 C:/Users/LENOVO/Documents/X-RPL/Kelas/27-04-2026/backend/vendor/laravel/framework/src/Illuminate/Routing/Route.php(1054): Illuminate/Routing/Route->controllerMiddleware()
#5 C:/Users/LENOVO/Documents/X-RPL/Kelas/27-04-2026/backend/vendor/laravel/framework/src/Illuminate/Routing/Router.php(820): Illuminate/Routing/Route->gatherMiddleware()
#6 C:/Users/LENOVO/Documents/X-RPL/Kelas/27-04-2026/backend/vendor/laravel/framework/src/Illuminate/Routing/Router.php(802): Illuminate/Routing/Router->gatherRouteMiddleware(Object(Illuminate/Routing/Route))
#7 C:/Users/LENOVO/Documents/X-RPL/Kelas/27-04-2026/backend/vendor/laravel/framework/src/Illuminate/Routing/Router.php(786): Illuminate/Routing/Router->runRouteWithinStack(Object(Illuminate/Routing/Route), Object(Illuminate/Http/Request))
#8 C:/Users/LENOVO/Documents/X-RPL/Kelas/27-04-2026/backend/vendor/laravel/framework/src/Illuminate/Routing/Router.php(750): Illuminate/Routing/Router->runRoute(Object(Illuminate/Http/Request), Object(Illuminate/Routing/Route))
#9 C:/Users/LENOVO/Documents/X-RPL/Kelas/27-04-2026/backend/vendor/laravel/framework/src/Illuminate/Routing/Router.php(739): Illuminate/Routing/Router->dispatchToRoute(Object(Illuminate/Http/Request))
#10 C:/Users/LENOVO/Documents/X-RPL/Kelas/27-04-2026/backend/vendor/laravel/framework/src/Illuminate/Foundation/Http/Kernel.php(201): Illuminate/Routing/Router->dispatch(Object(Illuminate/Http/Request))
#11 C:/Users/LENOVO/Documents/X-RPL/Kelas/27-04-2026/backend/vendor/laravel/framework/src/Illuminate/Pipeline/Pipeline.php(170): Illuminate/Foundation/Http/Kernel->Illuminate/Foundation/Http/{closure}(Object(Illuminate/Http/Request))
#12 C:/Users/LENOVO/Documents/X-RPL/Kelas/27-04-2026/backend/vendor/laravel/framework/src/Illuminate/Foundation/Http/Middleware/TransformsRequest.php(21): Illuminate/Pipeline/Pipeline->Illuminate/Pipeline/{closure}(Object(Illuminate/Http/Request))
#13 C:/Users/LENOVO/Documents/X-RPL/Kelas/27-04-2026/backend/vendor/laravel/framework/src/Illuminate/Foundation/Http/Middleware/ConvertEmptyStringsToNull.php(31): Illuminate/Foundation/Http/Middleware/TransformsRequest->handle(Object(Illuminate/Http/Request), Object(Closure))
#14 C:/Users/LENOVO/Documents/X-RPL/Kelas/27-04-2026/backend/vendor/laravel/framework/src/Illuminate/Pipeline/Pipeline.php(209): Illuminate/Foundation/Http/Middleware/ConvertEmptyStringsToNull->handle(Object(Illuminate/Http/Request), Object(Closure))
#15 C:/Users/LENOVO/Documents/X-RPL/Kelas/27-04-2026/backend/vendor/laravel/framework/src/Illuminate/Foundation/Http/Middleware/TransformsRequest.php(21): Illuminate/Pipeline/Pipeline->Illuminate/Pipeline/{closure}(Object(Illuminate/Http/Request))
#16 C:/Users/LENOVO/Documents/X-RPL/Kelas/27-04-2026/backend/vendor/laravel/framework/src/Illuminate/Foundation/Http/Middleware/TrimStrings.php(51): Illuminate/Foundation/Http/Middleware/TransformsRequest->handle(Object(Illuminate/Http/Request), Object(Closure))
#17 C:/Users/LENOVO/Documents/X-RPL/Kelas/27-04-2026/backend/vendor/laravel/framework/src/Illuminate/Pipeline/Pipeline.php(209): Illuminate/Foundation/Http/Middleware/TrimStrings->handle(Object(Illuminate/Http/Request), Object(Closure))
#18 C:/Users/LENOVO/Documents/X-RPL/Kelas/27-04-2026/backend/vendor/laravel/framework/src/Illuminate/Http/Middleware/ValidatePostSize.php(27): Illuminate/Pipeline/Pipeline->Illuminate/Pipeline/{closure}(Object(Illuminate/Http/Request))
#19 C:/Users/LENOVO/Documents/X-RPL/Kelas/27-04-2026/backend/vendor/laravel/framework/src/Illuminate/Pipeline/Pipeline.php(209): Illuminate/Http/Middleware/ValidatePostSize->handle(Object(Illuminate/Http/Request), Object(Closure))
#20 C:/Users/LENOVO/Documents/X-RPL/Kelas/27-04-2026/backend/vendor/laravel/framework/src/Illuminate/Foundation/Http/Middleware/PreventRequestsDuringMaintenance.php(110): Illuminate/Pipeline/Pipeline->Illuminate/Pipeline/{closure}(Object(Illuminate/Http/Request))
#21 C:/Users/LENOVO/Documents/X-RPL/Kelas/27-04-2026/backend/vendor/laravel/framework/src/Illuminate/Pipeline/Pipeline.php(209): Illuminate/Foundation/Http/Middleware/PreventRequestsDuringMaintenance->handle(Object(Illuminate/Http/Request), Object(Closure))
#22 C:/Users/LENOVO/Documents/X-RPL/Kelas/27-04-2026/backend/vendor/laravel/framework/src/Illuminate/Http/Middleware/HandleCors.php(62): Illuminate/Pipeline/Pipeline->Illuminate/Pipeline/{closure}(Object(Illuminate/Http/Request))
#23 C:/Users/LENOVO/Documents/X-RPL/Kelas/27-04-2026/backend/vendor/laravel/framework/src/Illuminate/Pipeline/Pipeline.php(209): Illuminate/Http/Middleware/HandleCors->handle(Object(Illuminate/Http/Request), Object(Closure))
#24 C:/Users/LENOVO/Documents/X-RPL/Kelas/27-04-2026/backend/vendor/laravel/framework/src/Illuminate/Http/Middleware/TrustProxies.php(58): Illuminate/Pipeline/Pipeline->Illuminate/Pipeline/{closure}(Object(Illuminate/Http/Request))
#25 C:/Users/LENOVO/Documents/X-RPL/Kelas/27-04-2026/backend/vendor/laravel/framework/src/Illuminate/Pipeline/Pipeline.php(209): Illuminate/Http/Middleware/TrustProxies->handle(Object(Illuminate/Http/Request), Object(Closure))
#26 C:/Users/LENOVO/Documents/X-RPL/Kelas/27-04-2026/backend/vendor/laravel/framework/src/Illuminate/Foundation/Http/Middleware/InvokeDeferredCallbacks.php(22): Illuminate/Pipeline/Pipeline->Illuminate/Pipeline/{closure}(Object(Illuminate/Http/Request))
#27 C:/Users/LENOVO/Documents/X-RPL/Kelas/27-04-2026/backend/vendor/laravel/framework/src/Illuminate/Pipeline/Pipeline.php(209): Illuminate/Foundation/Http/Middleware/InvokeDeferredCallbacks->handle(Object(Illuminate/Http/Request), Object(Closure))
#28 C:/Users/LENOVO/Documents/X-RPL/Kelas/27-04-2026/backend/vendor/laravel/framework/src/Illuminate/Pipeline/Pipeline.php(127): Illuminate/Pipeline/Pipeline->Illuminate/Pipeline/{closure}(Object(Illuminate/Http/Request))
#29 C:/Users/LENOVO/Documents/X-RPL/Kelas/27-04-2026/backend/vendor/laravel/framework/src/Illuminate/Foundation/Http/Kernel.php(176): Illuminate/Pipeline/Pipeline->then(Object(Closure))
#30 C:/Users/LENOVO/Documents/X-RPL/Kelas/27-04-2026/backend/vendor/laravel/framework/src/Illuminate/Foundation/Http/Kernel.php(145): Illuminate/Foundation/Http/Kernel->sendRequestThroughRouter(Object(Illuminate/Http/Request))
#31 C:/Users/LENOVO/Documents/X-RPL/Kelas/27-04-2026/backend/vendor/laravel/framework/src/Illuminate/Foundation/Application.php(1207): Illuminate/Foundation/Http/Kernel->handle(Object(Illuminate/Http/Request))
#32 C:/Users/LENOVO/Documents/X-RPL/Kelas/27-04-2026/backend/public/index.php(19): Illuminate/Foundation/Application->handle(Object(Illuminate/Http/Request))
#33 C:/Users/LENOVO/Documents/X-RPL/Kelas/27-04-2026/backend/vendor/laravel/framework/src/Illuminate/Foundation/resources/server.php(23): require_once('C://Users//LENOVO...')
#34 {main}
"} 
[2026-05-21 00:41:13] local.ERROR: Class "App\Http\Controllers\Controller" not found {"exception":"[object] (Error(code: 0): Class \"App\\Http\\Controllers\\Controller\" not found at C:/Users/LENOVO/Documents/X-RPL/Kelas/27-04-2026/backend/app/Http/Controllers/GuestbookController.php:9)
[stacktrace]
#0 C:/Users/LENOVO/Documents/X-RPL/Kelas/27-04-2026/backend/vendor/composer/ClassLoader.php(576): include()
#1 C:/Users/LENOVO/Documents/X-RPL/Kelas/27-04-2026/backend/vendor/composer/ClassLoader.php(427): Composer/Autoload/{closure}('C://Users//LENOVO...')
#2 [internal function]: Composer/Autoload/ClassLoader->loadClass('App//Http//Contro...')
#3 C:/Users/LENOVO/Documents/X-RPL/Kelas/27-04-2026/backend/vendor/laravel/framework/src/Illuminate/Routing/Route.php(1117): is_a('App//Http//Contro...', 'Illuminate//Rout...', true)
#4 C:/Users/LENOVO/Documents/X-RPL/Kelas/27-04-2026/backend/vendor/laravel/framework/src/Illuminate/Routing/Route.php(1054): Illuminate/Routing/Route->controllerMiddleware()
#5 C:/Users/LENOVO/Documents/X-RPL/Kelas/27-04-2026/backend/vendor/laravel/framework/src/Illuminate/Routing/Router.php(820): Illuminate/Routing/Route->gatherMiddleware()
#6 C:/Users/LENOVO/Documents/X-RPL/Kelas/27-04-2026/backend/vendor/laravel/framework/src/Illuminate/Routing/Router.php(802): Illuminate/Routing/Router->gatherRouteMiddleware(Object(Illuminate/Routing/Route))
#7 C:/Users/LENOVO/Documents/X-RPL/Kelas/27-04-2026/backend/vendor/laravel/framework/src/Illuminate/Routing/Router.php(786): Illuminate/Routing/Router->runRouteWithinStack(Object(Illuminate/Routing/Route), Object(Illuminate/Http/Request))
#8 C:/Users/LENOVO/Documents/X-RPL/Kelas/27-04-2026/backend/vendor/laravel/framework/src/Illuminate/Routing/Router.php(750): Illuminate/Routing/Router->runRoute(Object(Illuminate/Http/Request), Object(Illuminate/Routing/Route))
#9 C:/Users/LENOVO/Documents/X-RPL/Kelas/27-04-2026/backend/vendor/laravel/framework/src/Illuminate/Routing/Router.php(739): Illuminate/Routing/Router->dispatchToRoute(Object(Illuminate/Http/Request))
#10 C:/Users/LENOVO/Documents/X-RPL/Kelas/27-04-2026/backend/vendor/laravel/framework/src/Illuminate/Foundation/Http/Kernel.php(201): Illuminate/Routing/Router->dispatch(Object(Illuminate/Http/Request))
#11 C:/Users/LENOVO/Documents/X-RPL/Kelas/27-04-2026/backend/vendor/laravel/framework/src/Illuminate/Pipeline/Pipeline.php(170): Illuminate/Foundation/Http/Kernel->Illuminate/Foundation/Http/{closure}(Object(Illuminate/Http/Request))
#12 C:/Users/LENOVO/Documents/X-RPL/Kelas/27-04-2026/backend/vendor/laravel/framework/src/Illuminate/Foundation/Http/Middleware/TransformsRequest.php(21): Illuminate/Pipeline/Pipeline->Illuminate/Pipeline/{closure}(Object(Illuminate/Http/Request))
#13 C:/Users/LENOVO/Documents/X-RPL/Kelas/27-04-2026/backend/vendor/laravel/framework/src/Illuminate/Foundation/Http/Middleware/ConvertEmptyStringsToNull.php(31): Illuminate/Foundation/Http/Middleware/TransformsRequest->handle(Object(Illuminate/Http/Request), Object(Closure))
#14 C:/Users/LENOVO/Documents/X-RPL/Kelas/27-04-2026/backend/vendor/laravel/framework/src/Illuminate/Pipeline/Pipeline.php(209): Illuminate/Foundation/Http/Middleware/ConvertEmptyStringsToNull->handle(Object(Illuminate/Http/Request), Object(Closure))
#15 C:/Users/LENOVO/Documents/X-RPL/Kelas/27-04-2026/backend/vendor/laravel/framework/src/Illuminate/Foundation/Http/Middleware/TransformsRequest.php(21): Illuminate/Pipeline/Pipeline->Illuminate/Pipeline/{closure}(Object(Illuminate/Http/Request))
#16 C:/Users/LENOVO/Documents/X-RPL/Kelas/27-04-2026/backend/vendor/laravel/framework/src/Illuminate/Foundation/Http/Middleware/TrimStrings.php(51): Illuminate/Foundation/Http/Middleware/TransformsRequest->handle(Object(Illuminate/Http/Request), Object(Closure))
#17 C:/Users/LENOVO/Documents/X-RPL/Kelas/27-04-2026/backend/vendor/laravel/framework/src/Illuminate/Pipeline/Pipeline.php(209): Illuminate/Foundation/Http/Middleware/TrimStrings->handle(Object(Illuminate/Http/Request), Object(Closure))
#18 C:/Users/LENOVO/Documents/X-RPL/Kelas/27-04-2026/backend/vendor/laravel/framework/src/Illuminate/Http/Middleware/ValidatePostSize.php(27): Illuminate/Pipeline/Pipeline->Illuminate/Pipeline/{closure}(Object(Illuminate/Http/Request))
#19 C:/Users/LENOVO/Documents/X-RPL/Kelas/27-04-2026/backend/vendor/laravel/framework/src/Illuminate/Pipeline/Pipeline.php(209): Illuminate/Http/Middleware/ValidatePostSize->handle(Object(Illuminate/Http/Request), Object(Closure))
#20 C:/Users/LENOVO/Documents/X-RPL/Kelas/27-04-2026/backend/vendor/laravel/framework/src/Illuminate/Foundation/Http/Middleware/PreventRequestsDuringMaintenance.php(110): Illuminate/Pipeline/Pipeline->Illuminate/Pipeline/{closure}(Object(Illuminate/Http/Request))
#21 C:/Users/LENOVO/Documents/X-RPL/Kelas/27-04-2026/backend/vendor/laravel/framework/src/Illuminate/Pipeline/Pipeline.php(209): Illuminate/Foundation/Http/Middleware/PreventRequestsDuringMaintenance->handle(Object(Illuminate/Http/Request), Object(Closure))
#22 C:/Users/LENOVO/Documents/X-RPL/Kelas/27-04-2026/backend/vendor/laravel/framework/src/Illuminate/Http/Middleware/HandleCors.php(62): Illuminate/Pipeline/Pipeline->Illuminate/Pipeline/{closure}(Object(Illuminate/Http/Request))
#23 C:/Users/LENOVO/Documents/X-RPL/Kelas/27-04-2026/backend/vendor/laravel/framework/src/Illuminate/Pipeline/Pipeline.php(209): Illuminate/Http/Middleware/HandleCors->handle(Object(Illuminate/Http/Request), Object(Closure))
#24 C:/Users/LENOVO/Documents/X-RPL/Kelas/27-04-2026/backend/vendor/laravel/framework/src/Illuminate/Http/Middleware/TrustProxies.php(58): Illuminate/Pipeline/Pipeline->Illuminate/Pipeline/{closure}(Object(Illuminate/Http/Request))
#25 C:/Users/LENOVO/Documents/X-RPL/Kelas/27-04-2026/backend/vendor/laravel/framework/src/Illuminate/Pipeline/Pipeline.php(209): Illuminate/Http/Middleware/TrustProxies->handle(Object(Illuminate/Http/Request), Object(Closure))
#26 C:/Users/LENOVO/Documents/X-RPL/Kelas/27-04-2026/backend/vendor/laravel/framework/src/Illuminate/Foundation/Http/Middleware/InvokeDeferredCallbacks.php(22): Illuminate/Pipeline/Pipeline->Illuminate/Pipeline/{closure}(Object(Illuminate/Http/Request))
#27 C:/Users/LENOVO/Documents/X-RPL/Kelas/27-04-2026/backend/vendor/laravel/framework/src/Illuminate/Pipeline/Pipeline.php(209): Illuminate/Foundation/Http/Middleware/InvokeDeferredCallbacks->handle(Object(Illuminate/Http/Request), Object(Closure))
#28 C:/Users/LENOVO/Documents/X-RPL/Kelas/27-04-2026/backend/vendor/laravel/framework/src/Illuminate/Pipeline/Pipeline.php(127): Illuminate/Pipeline/Pipeline->Illuminate/Pipeline/{closure}(Object(Illuminate/Http/Request))
#29 C:/Users/LENOVO/Documents/X-RPL/Kelas/27-04-2026/backend/vendor/laravel/framework/src/Illuminate/Foundation/Http/Kernel.php(176): Illuminate/Pipeline/Pipeline->then(Object(Closure))
#30 C:/Users/LENOVO/Documents/X-RPL/Kelas/27-04-2026/backend/vendor/laravel/framework/src/Illuminate/Foundation/Http/Kernel.php(145): Illuminate/Foundation/Http/Kernel->sendRequestThroughRouter(Object(Illuminate/Http/Request))
#31 C:/Users/LENOVO/Documents/X-RPL/Kelas/27-04-2026/backend/vendor/laravel/framework/src/Illuminate/Foundation/Application.php(1207): Illuminate/Foundation/Http/Kernel->handle(Object(Illuminate/Http/Request))
#32 C:/Users/LENOVO/Documents/X-RPL/Kelas/27-04-2026/backend/public/index.php(19): Illuminate/Foundation/Application->handle(Object(Illuminate/Http/Request))
#33 C:/Users/LENOVO/Documents/X-RPL/Kelas/27-04-2026/backend/vendor/laravel/framework/src/Illuminate/Foundation/resources/server.php(23): require_once('C://Users//LENOVO...')
#34 {main}
"} 
[2026-05-21 00:43:44] local.ERROR: Class "App\Http\Controllers\Controller" not found {"exception":"[object] (Error(code: 0): Class \"App\\Http\\Controllers\\Controller\" not found at C:/Users/LENOVO/Documents/X-RPL/Kelas/27-04-2026/backend/app/Http/Controllers/GuestbookController.php:9)
[stacktrace]
#0 C:/Users/LENOVO/Documents/X-RPL/Kelas/27-04-2026/backend/vendor/composer/ClassLoader.php(576): include()
#1 C:/Users/LENOVO/Documents/X-RPL/Kelas/27-04-2026/backend/vendor/composer/ClassLoader.php(427): Composer/Autoload/{closure}('C://Users//LENOVO...')
#2 [internal function]: Composer/Autoload/ClassLoader->loadClass('App//Http//Contro...')
#3 C:/Users/LENOVO/Documents/X-RPL/Kelas/27-04-2026/backend/vendor/laravel/framework/src/Illuminate/Routing/Route.php(1117): is_a('App//Http//Contro...', 'Illuminate//Rout...', true)
#4 C:/Users/LENOVO/Documents/X-RPL/Kelas/27-04-2026/backend/vendor/laravel/framework/src/Illuminate/Routing/Route.php(1054): Illuminate/Routing/Route->controllerMiddleware()
#5 C:/Users/LENOVO/Documents/X-RPL/Kelas/27-04-2026/backend/vendor/laravel/framework/src/Illuminate/Routing/Router.php(820): Illuminate/Routing/Route->gatherMiddleware()
#6 C:/Users/LENOVO/Documents/X-RPL/Kelas/27-04-2026/backend/vendor/laravel/framework/src/Illuminate/Routing/Router.php(802): Illuminate/Routing/Router->gatherRouteMiddleware(Object(Illuminate/Routing/Route))
#7 C:/Users/LENOVO/Documents/X-RPL/Kelas/27-04-2026/backend/vendor/laravel/framework/src/Illuminate/Routing/Router.php(786): Illuminate/Routing/Router->runRouteWithinStack(Object(Illuminate/Routing/Route), Object(Illuminate/Http/Request))
#8 C:/Users/LENOVO/Documents/X-RPL/Kelas/27-04-2026/backend/vendor/laravel/framework/src/Illuminate/Routing/Router.php(750): Illuminate/Routing/Router->runRoute(Object(Illuminate/Http/Request), Object(Illuminate/Routing/Route))
#9 C:/Users/LENOVO/Documents/X-RPL/Kelas/27-04-2026/backend/vendor/laravel/framework/src/Illuminate/Routing/Router.php(739): Illuminate/Routing/Router->dispatchToRoute(Object(Illuminate/Http/Request))
#10 C:/Users/LENOVO/Documents/X-RPL/Kelas/27-04-2026/backend/vendor/laravel/framework/src/Illuminate/Foundation/Http/Kernel.php(201): Illuminate/Routing/Router->dispatch(Object(Illuminate/Http/Request))
#11 C:/Users/LENOVO/Documents/X-RPL/Kelas/27-04-2026/backend/vendor/laravel/framework/src/Illuminate/Pipeline/Pipeline.php(170): Illuminate/Foundation/Http/Kernel->Illuminate/Foundation/Http/{closure}(Object(Illuminate/Http/Request))
#12 C:/Users/LENOVO/Documents/X-RPL/Kelas/27-04-2026/backend/vendor/laravel/framework/src/Illuminate/Foundation/Http/Middleware/TransformsRequest.php(21): Illuminate/Pipeline/Pipeline->Illuminate/Pipeline/{closure}(Object(Illuminate/Http/Request))
#13 C:/Users/LENOVO/Documents/X-RPL/Kelas/27-04-2026/backend/vendor/laravel/framework/src/Illuminate/Foundation/Http/Middleware/ConvertEmptyStringsToNull.php(31): Illuminate/Foundation/Http/Middleware/TransformsRequest->handle(Object(Illuminate/Http/Request), Object(Closure))
#14 C:/Users/LENOVO/Documents/X-RPL/Kelas/27-04-2026/backend/vendor/laravel/framework/src/Illuminate/Pipeline/Pipeline.php(209): Illuminate/Foundation/Http/Middleware/ConvertEmptyStringsToNull->handle(Object(Illuminate/Http/Request), Object(Closure))
#15 C:/Users/LENOVO/Documents/X-RPL/Kelas/27-04-2026/backend/vendor/laravel/framework/src/Illuminate/Foundation/Http/Middleware/TransformsRequest.php(21): Illuminate/Pipeline/Pipeline->Illuminate/Pipeline/{closure}(Object(Illuminate/Http/Request))
#16 C:/Users/LENOVO/Documents/X-RPL/Kelas/27-04-2026/backend/vendor/laravel/framework/src/Illuminate/Foundation/Http/Middleware/TrimStrings.php(51): Illuminate/Foundation/Http/Middleware/TransformsRequest->handle(Object(Illuminate/Http/Request), Object(Closure))
#17 C:/Users/LENOVO/Documents/X-RPL/Kelas/27-04-2026/backend/vendor/laravel/framework/src/Illuminate/Pipeline/Pipeline.php(209): Illuminate/Foundation/Http/Middleware/TrimStrings->handle(Object(Illuminate/Http/Request), Object(Closure))
#18 C:/Users/LENOVO/Documents/X-RPL/Kelas/27-04-2026/backend/vendor/laravel/framework/src/Illuminate/Http/Middleware/ValidatePostSize.php(27): Illuminate/Pipeline/Pipeline->Illuminate/Pipeline/{closure}(Object(Illuminate/Http/Request))
#19 C:/Users/LENOVO/Documents/X-RPL/Kelas/27-04-2026/backend/vendor/laravel/framework/src/Illuminate/Pipeline/Pipeline.php(209): Illuminate/Http/Middleware/ValidatePostSize->handle(Object(Illuminate/Http/Request), Object(Closure))
#20 C:/Users/LENOVO/Documents/X-RPL/Kelas/27-04-2026/backend/vendor/laravel/framework/src/Illuminate/Foundation/Http/Middleware/PreventRequestsDuringMaintenance.php(110): Illuminate/Pipeline/Pipeline->Illuminate/Pipeline/{closure}(Object(Illuminate/Http/Request))
#21 C:/Users/LENOVO/Documents/X-RPL/Kelas/27-04-2026/backend/vendor/laravel/framework/src/Illuminate/Pipeline/Pipeline.php(209): Illuminate/Foundation/Http/Middleware/PreventRequestsDuringMaintenance->handle(Object(Illuminate/Http/Request), Object(Closure))
#22 C:/Users/LENOVO/Documents/X-RPL/Kelas/27-04-2026/backend/vendor/laravel/framework/src/Illuminate/Http/Middleware/HandleCors.php(62): Illuminate/Pipeline/Pipeline->Illuminate/Pipeline/{closure}(Object(Illuminate/Http/Request))
#23 C:/Users/LENOVO/Documents/X-RPL/Kelas/27-04-2026/backend/vendor/laravel/framework/src/Illuminate/Pipeline/Pipeline.php(209): Illuminate/Http/Middleware/HandleCors->handle(Object(Illuminate/Http/Request), Object(Closure))
#24 C:/Users/LENOVO/Documents/X-RPL/Kelas/27-04-2026/backend/vendor/laravel/framework/src/Illuminate/Http/Middleware/TrustProxies.php(58): Illuminate/Pipeline/Pipeline->Illuminate/Pipeline/{closure}(Object(Illuminate/Http/Request))
#25 C:/Users/LENOVO/Documents/X-RPL/Kelas/27-04-2026/backend/vendor/laravel/framework/src/Illuminate/Pipeline/Pipeline.php(209): Illuminate/Http/Middleware/TrustProxies->handle(Object(Illuminate/Http/Request), Object(Closure))
#26 C:/Users/LENOVO/Documents/X-RPL/Kelas/27-04-2026/backend/vendor/laravel/framework/src/Illuminate/Foundation/Http/Middleware/InvokeDeferredCallbacks.php(22): Illuminate/Pipeline/Pipeline->Illuminate/Pipeline/{closure}(Object(Illuminate/Http/Request))
#27 C:/Users/LENOVO/Documents/X-RPL/Kelas/27-04-2026/backend/vendor/laravel/framework/src/Illuminate/Pipeline/Pipeline.php(209): Illuminate/Foundation/Http/Middleware/InvokeDeferredCallbacks->handle(Object(Illuminate/Http/Request), Object(Closure))
#28 C:/Users/LENOVO/Documents/X-RPL/Kelas/27-04-2026/backend/vendor/laravel/framework/src/Illuminate/Pipeline/Pipeline.php(127): Illuminate/Pipeline/Pipeline->Illuminate/Pipeline/{closure}(Object(Illuminate/Http/Request))
#29 C:/Users/LENOVO/Documents/X-RPL/Kelas/27-04-2026/backend/vendor/laravel/framework/src/Illuminate/Foundation/Http/Kernel.php(176): Illuminate/Pipeline/Pipeline->then(Object(Closure))
#30 C:/Users/LENOVO/Documents/X-RPL/Kelas/27-04-2026/backend/vendor/laravel/framework/src/Illuminate/Foundation/Http/Kernel.php(145): Illuminate/Foundation/Http/Kernel->sendRequestThroughRouter(Object(Illuminate/Http/Request))
#31 C:/Users/LENOVO/Documents/X-RPL/Kelas/27-04-2026/backend/vendor/laravel/framework/src/Illuminate/Foundation/Application.php(1207): Illuminate/Foundation/Http/Kernel->handle(Object(Illuminate/Http/Request))
#32 C:/Users/LENOVO/Documents/X-RPL/Kelas/27-04-2026/backend/public/index.php(19): Illuminate/Foundation/Application->handle(Object(Illuminate/Http/Request))
#33 C:/Users/LENOVO/Documents/X-RPL/Kelas/27-04-2026/backend/vendor/laravel/framework/src/Illuminate/Foundation/resources/server.php(23): require_once('C://Users//LENOVO...')
#34 {main}
"} 
[2026-05-21 00:44:55] local.ERROR: Class "App\Http\Controllers\Controller" not found {"exception":"[object] (Error(code: 0): Class \"App\\Http\\Controllers\\Controller\" not found at C:/Users/LENOVO/Documents/X-RPL/Kelas/27-04-2026/backend/app/Http/Controllers/GuestbookController.php:9)
[stacktrace]
#0 C:/Users/LENOVO/Documents/X-RPL/Kelas/27-04-2026/backend/vendor/composer/ClassLoader.php(576): include()
#1 C:/Users/LENOVO/Documents/X-RPL/Kelas/27-04-2026/backend/vendor/composer/ClassLoader.php(427): Composer/Autoload/{closure}('C://Users//LENOVO...')
#2 [internal function]: Composer/Autoload/ClassLoader->loadClass('App//Http//Contro...')
#3 C:/Users/LENOVO/Documents/X-RPL/Kelas/27-04-2026/backend/vendor/laravel/framework/src/Illuminate/Routing/Route.php(1117): is_a('App//Http//Contro...', 'Illuminate//Rout...', true)
#4 C:/Users/LENOVO/Documents/X-RPL/Kelas/27-04-2026/backend/vendor/laravel/framework/src/Illuminate/Routing/Route.php(1054): Illuminate/Routing/Route->controllerMiddleware()
#5 C:/Users/LENOVO/Documents/X-RPL/Kelas/27-04-2026/backend/vendor/laravel/framework/src/Illuminate/Routing/Router.php(820): Illuminate/Routing/Route->gatherMiddleware()
#6 C:/Users/LENOVO/Documents/X-RPL/Kelas/27-04-2026/backend/vendor/laravel/framework/src/Illuminate/Routing/Router.php(802): Illuminate/Routing/Router->gatherRouteMiddleware(Object(Illuminate/Routing/Route))
#7 C:/Users/LENOVO/Documents/X-RPL/Kelas/27-04-2026/backend/vendor/laravel/framework/src/Illuminate/Routing/Router.php(786): Illuminate/Routing/Router->runRouteWithinStack(Object(Illuminate/Routing/Route), Object(Illuminate/Http/Request))
#8 C:/Users/LENOVO/Documents/X-RPL/Kelas/27-04-2026/backend/vendor/laravel/framework/src/Illuminate/Routing/Router.php(750): Illuminate/Routing/Router->runRoute(Object(Illuminate/Http/Request), Object(Illuminate/Routing/Route))
#9 C:/Users/LENOVO/Documents/X-RPL/Kelas/27-04-2026/backend/vendor/laravel/framework/src/Illuminate/Routing/Router.php(739): Illuminate/Routing/Router->dispatchToRoute(Object(Illuminate/Http/Request))
#10 C:/Users/LENOVO/Documents/X-RPL/Kelas/27-04-2026/backend/vendor/laravel/framework/src/Illuminate/Foundation/Http/Kernel.php(201): Illuminate/Routing/Router->dispatch(Object(Illuminate/Http/Request))
#11 C:/Users/LENOVO/Documents/X-RPL/Kelas/27-04-2026/backend/vendor/laravel/framework/src/Illuminate/Pipeline/Pipeline.php(170): Illuminate/Foundation/Http/Kernel->Illuminate/Foundation/Http/{closure}(Object(Illuminate/Http/Request))
#12 C:/Users/LENOVO/Documents/X-RPL/Kelas/27-04-2026/backend/vendor/laravel/framework/src/Illuminate/Foundation/Http/Middleware/TransformsRequest.php(21): Illuminate/Pipeline/Pipeline->Illuminate/Pipeline/{closure}(Object(Illuminate/Http/Request))
#13 C:/Users/LENOVO/Documents/X-RPL/Kelas/27-04-2026/backend/vendor/laravel/framework/src/Illuminate/Foundation/Http/Middleware/ConvertEmptyStringsToNull.php(31): Illuminate/Foundation/Http/Middleware/TransformsRequest->handle(Object(Illuminate/Http/Request), Object(Closure))
#14 C:/Users/LENOVO/Documents/X-RPL/Kelas/27-04-2026/backend/vendor/laravel/framework/src/Illuminate/Pipeline/Pipeline.php(209): Illuminate/Foundation/Http/Middleware/ConvertEmptyStringsToNull->handle(Object(Illuminate/Http/Request), Object(Closure))
#15 C:/Users/LENOVO/Documents/X-RPL/Kelas/27-04-2026/backend/vendor/laravel/framework/src/Illuminate/Foundation/Http/Middleware/TransformsRequest.php(21): Illuminate/Pipeline/Pipeline->Illuminate/Pipeline/{closure}(Object(Illuminate/Http/Request))
#16 C:/Users/LENOVO/Documents/X-RPL/Kelas/27-04-2026/backend/vendor/laravel/framework/src/Illuminate/Foundation/Http/Middleware/TrimStrings.php(51): Illuminate/Foundation/Http/Middleware/TransformsRequest->handle(Object(Illuminate/Http/Request), Object(Closure))
#17 C:/Users/LENOVO/Documents/X-RPL/Kelas/27-04-2026/backend/vendor/laravel/framework/src/Illuminate/Pipeline/Pipeline.php(209): Illuminate/Foundation/Http/Middleware/TrimStrings->handle(Object(Illuminate/Http/Request), Object(Closure))
#18 C:/Users/LENOVO/Documents/X-RPL/Kelas/27-04-2026/backend/vendor/laravel/framework/src/Illuminate/Http/Middleware/ValidatePostSize.php(27): Illuminate/Pipeline/Pipeline->Illuminate/Pipeline/{closure}(Object(Illuminate/Http/Request))
#19 C:/Users/LENOVO/Documents/X-RPL/Kelas/27-04-2026/backend/vendor/laravel/framework/src/Illuminate/Pipeline/Pipeline.php(209): Illuminate/Http/Middleware/ValidatePostSize->handle(Object(Illuminate/Http/Request), Object(Closure))
#20 C:/Users/LENOVO/Documents/X-RPL/Kelas/27-04-2026/backend/vendor/laravel/framework/src/Illuminate/Foundation/Http/Middleware/PreventRequestsDuringMaintenance.php(110): Illuminate/Pipeline/Pipeline->Illuminate/Pipeline/{closure}(Object(Illuminate/Http/Request))
#21 C:/Users/LENOVO/Documents/X-RPL/Kelas/27-04-2026/backend/vendor/laravel/framework/src/Illuminate/Pipeline/Pipeline.php(209): Illuminate/Foundation/Http/Middleware/PreventRequestsDuringMaintenance->handle(Object(Illuminate/Http/Request), Object(Closure))
#22 C:/Users/LENOVO/Documents/X-RPL/Kelas/27-04-2026/backend/vendor/laravel/framework/src/Illuminate/Http/Middleware/HandleCors.php(62): Illuminate/Pipeline/Pipeline->Illuminate/Pipeline/{closure}(Object(Illuminate/Http/Request))
#23 C:/Users/LENOVO/Documents/X-RPL/Kelas/27-04-2026/backend/vendor/laravel/framework/src/Illuminate/Pipeline/Pipeline.php(209): Illuminate/Http/Middleware/HandleCors->handle(Object(Illuminate/Http/Request), Object(Closure))
#24 C:/Users/LENOVO/Documents/X-RPL/Kelas/27-04-2026/backend/vendor/laravel/framework/src/Illuminate/Http/Middleware/TrustProxies.php(58): Illuminate/Pipeline/Pipeline->Illuminate/Pipeline/{closure}(Object(Illuminate/Http/Request))
#25 C:/Users/LENOVO/Documents/X-RPL/Kelas/27-04-2026/backend/vendor/laravel/framework/src/Illuminate/Pipeline/Pipeline.php(209): Illuminate/Http/Middleware/TrustProxies->handle(Object(Illuminate/Http/Request), Object(Closure))
#26 C:/Users/LENOVO/Documents/X-RPL/Kelas/27-04-2026/backend/vendor/laravel/framework/src/Illuminate/Foundation/Http/Middleware/InvokeDeferredCallbacks.php(22): Illuminate/Pipeline/Pipeline->Illuminate/Pipeline/{closure}(Object(Illuminate/Http/Request))
#27 C:/Users/LENOVO/Documents/X-RPL/Kelas/27-04-2026/backend/vendor/laravel/framework/src/Illuminate/Pipeline/Pipeline.php(209): Illuminate/Foundation/Http/Middleware/InvokeDeferredCallbacks->handle(Object(Illuminate/Http/Request), Object(Closure))
#28 C:/Users/LENOVO/Documents/X-RPL/Kelas/27-04-2026/backend/vendor/laravel/framework/src/Illuminate/Pipeline/Pipeline.php(127): Illuminate/Pipeline/Pipeline->Illuminate/Pipeline/{closure}(Object(Illuminate/Http/Request))
#29 C:/Users/LENOVO/Documents/X-RPL/Kelas/27-04-2026/backend/vendor/laravel/framework/src/Illuminate/Foundation/Http/Kernel.php(176): Illuminate/Pipeline/Pipeline->then(Object(Closure))
#30 C:/Users/LENOVO/Documents/X-RPL/Kelas/27-04-2026/backend/vendor/laravel/framework/src/Illuminate/Foundation/Http/Kernel.php(145): Illuminate/Foundation/Http/Kernel->sendRequestThroughRouter(Object(Illuminate/Http/Request))
#31 C:/Users/LENOVO/Documents/X-RPL/Kelas/27-04-2026/backend/vendor/laravel/framework/src/Illuminate/Foundation/Application.php(1207): Illuminate/Foundation/Http/Kernel->handle(Object(Illuminate/Http/Request))
#32 C:/Users/LENOVO/Documents/X-RPL/Kelas/27-04-2026/backend/public/index.php(19): Illuminate/Foundation/Application->handle(Object(Illuminate/Http/Request))
#33 C:/Users/LENOVO/Documents/X-RPL/Kelas/27-04-2026/backend/vendor/laravel/framework/src/Illuminate/Foundation/resources/server.php(23): require_once('C://Users//LENOVO...')
#34 {main}
"} 
[2026-05-21 00:46:18] local.ERROR: Class "App\Http\Controllers\Controller" not found {"exception":"[object] (Error(code: 0): Class \"App\\Http\\Controllers\\Controller\" not found at C:/Users/LENOVO/Documents/X-RPL/Kelas/27-04-2026/backend/app/Http/Controllers/GuestbookController.php:9)
[stacktrace]
#0 C:/Users/LENOVO/Documents/X-RPL/Kelas/27-04-2026/backend/vendor/composer/ClassLoader.php(576): include()
#1 C:/Users/LENOVO/Documents/X-RPL/Kelas/27-04-2026/backend/vendor/composer/ClassLoader.php(427): Composer/Autoload/{closure}('C://Users//LENOVO...')
#2 [internal function]: Composer/Autoload/ClassLoader->loadClass('App//Http//Contro...')
#3 C:/Users/LENOVO/Documents/X-RPL/Kelas/27-04-2026/backend/vendor/laravel/framework/src/Illuminate/Routing/Route.php(1117): is_a('App//Http//Contro...', 'Illuminate//Rout...', true)
#4 C:/Users/LENOVO/Documents/X-RPL/Kelas/27-04-2026/backend/vendor/laravel/framework/src/Illuminate/Routing/Route.php(1054): Illuminate/Routing/Route->controllerMiddleware()
#5 C:/Users/LENOVO/Documents/X-RPL/Kelas/27-04-2026/backend/vendor/laravel/framework/src/Illuminate/Routing/Router.php(820): Illuminate/Routing/Route->gatherMiddleware()
#6 C:/Users/LENOVO/Documents/X-RPL/Kelas/27-04-2026/backend/vendor/laravel/framework/src/Illuminate/Routing/Router.php(802): Illuminate/Routing/Router->gatherRouteMiddleware(Object(Illuminate/Routing/Route))
#7 C:/Users/LENOVO/Documents/X-RPL/Kelas/27-04-2026/backend/vendor/laravel/framework/src/Illuminate/Routing/Router.php(786): Illuminate/Routing/Router->runRouteWithinStack(Object(Illuminate/Routing/Route), Object(Illuminate/Http/Request))
#8 C:/Users/LENOVO/Documents/X-RPL/Kelas/27-04-2026/backend/vendor/laravel/framework/src/Illuminate/Routing/Router.php(750): Illuminate/Routing/Router->runRoute(Object(Illuminate/Http/Request), Object(Illuminate/Routing/Route))
#9 C:/Users/LENOVO/Documents/X-RPL/Kelas/27-04-2026/backend/vendor/laravel/framework/src/Illuminate/Routing/Router.php(739): Illuminate/Routing/Router->dispatchToRoute(Object(Illuminate/Http/Request))
#10 C:/Users/LENOVO/Documents/X-RPL/Kelas/27-04-2026/backend/vendor/laravel/framework/src/Illuminate/Foundation/Http/Kernel.php(201): Illuminate/Routing/Router->dispatch(Object(Illuminate/Http/Request))
#11 C:/Users/LENOVO/Documents/X-RPL/Kelas/27-04-2026/backend/vendor/laravel/framework/src/Illuminate/Pipeline/Pipeline.php(170): Illuminate/Foundation/Http/Kernel->Illuminate/Foundation/Http/{closure}(Object(Illuminate/Http/Request))
#12 C:/Users/LENOVO/Documents/X-RPL/Kelas/27-04-2026/backend/vendor/laravel/framework/src/Illuminate/Foundation/Http/Middleware/TransformsRequest.php(21): Illuminate/Pipeline/Pipeline->Illuminate/Pipeline/{closure}(Object(Illuminate/Http/Request))
#13 C:/Users/LENOVO/Documents/X-RPL/Kelas/27-04-2026/backend/vendor/laravel/framework/src/Illuminate/Foundation/Http/Middleware/ConvertEmptyStringsToNull.php(31): Illuminate/Foundation/Http/Middleware/TransformsRequest->handle(Object(Illuminate/Http/Request), Object(Closure))
#14 C:/Users/LENOVO/Documents/X-RPL/Kelas/27-04-2026/backend/vendor/laravel/framework/src/Illuminate/Pipeline/Pipeline.php(209): Illuminate/Foundation/Http/Middleware/ConvertEmptyStringsToNull->handle(Object(Illuminate/Http/Request), Object(Closure))
#15 C:/Users/LENOVO/Documents/X-RPL/Kelas/27-04-2026/backend/vendor/laravel/framework/src/Illuminate/Foundation/Http/Middleware/TransformsRequest.php(21): Illuminate/Pipeline/Pipeline->Illuminate/Pipeline/{closure}(Object(Illuminate/Http/Request))
#16 C:/Users/LENOVO/Documents/X-RPL/Kelas/27-04-2026/backend/vendor/laravel/framework/src/Illuminate/Foundation/Http/Middleware/TrimStrings.php(51): Illuminate/Foundation/Http/Middleware/TransformsRequest->handle(Object(Illuminate/Http/Request), Object(Closure))
#17 C:/Users/LENOVO/Documents/X-RPL/Kelas/27-04-2026/backend/vendor/laravel/framework/src/Illuminate/Pipeline/Pipeline.php(209): Illuminate/Foundation/Http/Middleware/TrimStrings->handle(Object(Illuminate/Http/Request), Object(Closure))
#18 C:/Users/LENOVO/Documents/X-RPL/Kelas/27-04-2026/backend/vendor/laravel/framework/src/Illuminate/Http/Middleware/ValidatePostSize.php(27): Illuminate/Pipeline/Pipeline->Illuminate/Pipeline/{closure}(Object(Illuminate/Http/Request))
#19 C:/Users/LENOVO/Documents/X-RPL/Kelas/27-04-2026/backend/vendor/laravel/framework/src/Illuminate/Pipeline/Pipeline.php(209): Illuminate/Http/Middleware/ValidatePostSize->handle(Object(Illuminate/Http/Request), Object(Closure))
#20 C:/Users/LENOVO/Documents/X-RPL/Kelas/27-04-2026/backend/vendor/laravel/framework/src/Illuminate/Foundation/Http/Middleware/PreventRequestsDuringMaintenance.php(110): Illuminate/Pipeline/Pipeline->Illuminate/Pipeline/{closure}(Object(Illuminate/Http/Request))
#21 C:/Users/LENOVO/Documents/X-RPL/Kelas/27-04-2026/backend/vendor/laravel/framework/src/Illuminate/Pipeline/Pipeline.php(209): Illuminate/Foundation/Http/Middleware/PreventRequestsDuringMaintenance->handle(Object(Illuminate/Http/Request), Object(Closure))
#22 C:/Users/LENOVO/Documents/X-RPL/Kelas/27-04-2026/backend/vendor/laravel/framework/src/Illuminate/Http/Middleware/HandleCors.php(62): Illuminate/Pipeline/Pipeline->Illuminate/Pipeline/{closure}(Object(Illuminate/Http/Request))
#23 C:/Users/LENOVO/Documents/X-RPL/Kelas/27-04-2026/backend/vendor/laravel/framework/src/Illuminate/Pipeline/Pipeline.php(209): Illuminate/Http/Middleware/HandleCors->handle(Object(Illuminate/Http/Request), Object(Closure))
#24 C:/Users/LENOVO/Documents/X-RPL/Kelas/27-04-2026/backend/vendor/laravel/framework/src/Illuminate/Http/Middleware/TrustProxies.php(58): Illuminate/Pipeline/Pipeline->Illuminate/Pipeline/{closure}(Object(Illuminate/Http/Request))
#25 C:/Users/LENOVO/Documents/X-RPL/Kelas/27-04-2026/backend/vendor/laravel/framework/src/Illuminate/Pipeline/Pipeline.php(209): Illuminate/Http/Middleware/TrustProxies->handle(Object(Illuminate/Http/Request), Object(Closure))
#26 C:/Users/LENOVO/Documents/X-RPL/Kelas/27-04-2026/backend/vendor/laravel/framework/src/Illuminate/Foundation/Http/Middleware/InvokeDeferredCallbacks.php(22): Illuminate/Pipeline/Pipeline->Illuminate/Pipeline/{closure}(Object(Illuminate/Http/Request))
#27 C:/Users/LENOVO/Documents/X-RPL/Kelas/27-04-2026/backend/vendor/laravel/framework/src/Illuminate/Pipeline/Pipeline.php(209): Illuminate/Foundation/Http/Middleware/InvokeDeferredCallbacks->handle(Object(Illuminate/Http/Request), Object(Closure))
#28 C:/Users/LENOVO/Documents/X-RPL/Kelas/27-04-2026/backend/vendor/laravel/framework/src/Illuminate/Pipeline/Pipeline.php(127): Illuminate/Pipeline/Pipeline->Illuminate/Pipeline/{closure}(Object(Illuminate/Http/Request))
#29 C:/Users/LENOVO/Documents/X-RPL/Kelas/27-04-2026/backend/vendor/laravel/framework/src/Illuminate/Foundation/Http/Kernel.php(176): Illuminate/Pipeline/Pipeline->then(Object(Closure))
#30 C:/Users/LENOVO/Documents/X-RPL/Kelas/27-04-2026/backend/vendor/laravel/framework/src/Illuminate/Foundation/Http/Kernel.php(145): Illuminate/Foundation/Http/Kernel->sendRequestThroughRouter(Object(Illuminate/Http/Request))
#31 C:/Users/LENOVO/Documents/X-RPL/Kelas/27-04-2026/backend/vendor/laravel/framework/src/Illuminate/Foundation/Application.php(1207): Illuminate/Foundation/Http/Kernel->handle(Object(Illuminate/Http/Request))
#32 C:/Users/LENOVO/Documents/X-RPL/Kelas/27-04-2026/backend/public/index.php(19): Illuminate/Foundation/Application->handle(Object(Illuminate/Http/Request))
#33 C:/Users/LENOVO/Documents/X-RPL/Kelas/27-04-2026/backend/vendor/laravel/framework/src/Illuminate/Foundation/resources/server.php(23): require_once('C://Users//LENOVO...')
#34 {main}
"} 
[2026-05-21 00:46:20] local.ERROR: Class "App\Http\Controllers\Controller" not found {"exception":"[object] (Error(code: 0): Class \"App\\Http\\Controllers\\Controller\" not found at C:/Users/LENOVO/Documents/X-RPL/Kelas/27-04-2026/backend/app/Http/Controllers/GuestbookController.php:9)
[stacktrace]
#0 C:/Users/LENOVO/Documents/X-RPL/Kelas/27-04-2026/backend/vendor/composer/ClassLoader.php(576): include()
#1 C:/Users/LENOVO/Documents/X-RPL/Kelas/27-04-2026/backend/vendor/composer/ClassLoader.php(427): Composer/Autoload/{closure}('C://Users//LENOVO...')
#2 [internal function]: Composer/Autoload/ClassLoader->loadClass('App//Http//Contro...')
#3 C:/Users/LENOVO/Documents/X-RPL/Kelas/27-04-2026/backend/vendor/laravel/framework/src/Illuminate/Routing/Route.php(1117): is_a('App//Http//Contro...', 'Illuminate//Rout...', true)
#4 C:/Users/LENOVO/Documents/X-RPL/Kelas/27-04-2026/backend/vendor/laravel/framework/src/Illuminate/Routing/Route.php(1054): Illuminate/Routing/Route->controllerMiddleware()
#5 C:/Users/LENOVO/Documents/X-RPL/Kelas/27-04-2026/backend/vendor/laravel/framework/src/Illuminate/Routing/Router.php(820): Illuminate/Routing/Route->gatherMiddleware()
#6 C:/Users/LENOVO/Documents/X-RPL/Kelas/27-04-2026/backend/vendor/laravel/framework/src/Illuminate/Routing/Router.php(802): Illuminate/Routing/Router->gatherRouteMiddleware(Object(Illuminate/Routing/Route))
#7 C:/Users/LENOVO/Documents/X-RPL/Kelas/27-04-2026/backend/vendor/laravel/framework/src/Illuminate/Routing/Router.php(786): Illuminate/Routing/Router->runRouteWithinStack(Object(Illuminate/Routing/Route), Object(Illuminate/Http/Request))
#8 C:/Users/LENOVO/Documents/X-RPL/Kelas/27-04-2026/backend/vendor/laravel/framework/src/Illuminate/Routing/Router.php(750): Illuminate/Routing/Router->runRoute(Object(Illuminate/Http/Request), Object(Illuminate/Routing/Route))
#9 C:/Users/LENOVO/Documents/X-RPL/Kelas/27-04-2026/backend/vendor/laravel/framework/src/Illuminate/Routing/Router.php(739): Illuminate/Routing/Router->dispatchToRoute(Object(Illuminate/Http/Request))
#10 C:/Users/LENOVO/Documents/X-RPL/Kelas/27-04-2026/backend/vendor/laravel/framework/src/Illuminate/Foundation/Http/Kernel.php(201): Illuminate/Routing/Router->dispatch(Object(Illuminate/Http/Request))
#11 C:/Users/LENOVO/Documents/X-RPL/Kelas/27-04-2026/backend/vendor/laravel/framework/src/Illuminate/Pipeline/Pipeline.php(170): Illuminate/Foundation/Http/Kernel->Illuminate/Foundation/Http/{closure}(Object(Illuminate/Http/Request))
#12 C:/Users/LENOVO/Documents/X-RPL/Kelas/27-04-2026/backend/vendor/laravel/framework/src/Illuminate/Foundation/Http/Middleware/TransformsRequest.php(21): Illuminate/Pipeline/Pipeline->Illuminate/Pipeline/{closure}(Object(Illuminate/Http/Request))
#13 C:/Users/LENOVO/Documents/X-RPL/Kelas/27-04-2026/backend/vendor/laravel/framework/src/Illuminate/Foundation/Http/Middleware/ConvertEmptyStringsToNull.php(31): Illuminate/Foundation/Http/Middleware/TransformsRequest->handle(Object(Illuminate/Http/Request), Object(Closure))
#14 C:/Users/LENOVO/Documents/X-RPL/Kelas/27-04-2026/backend/vendor/laravel/framework/src/Illuminate/Pipeline/Pipeline.php(209): Illuminate/Foundation/Http/Middleware/ConvertEmptyStringsToNull->handle(Object(Illuminate/Http/Request), Object(Closure))
#15 C:/Users/LENOVO/Documents/X-RPL/Kelas/27-04-2026/backend/vendor/laravel/framework/src/Illuminate/Foundation/Http/Middleware/TransformsRequest.php(21): Illuminate/Pipeline/Pipeline->Illuminate/Pipeline/{closure}(Object(Illuminate/Http/Request))
#16 C:/Users/LENOVO/Documents/X-RPL/Kelas/27-04-2026/backend/vendor/laravel/framework/src/Illuminate/Foundation/Http/Middleware/TrimStrings.php(51): Illuminate/Foundation/Http/Middleware/TransformsRequest->handle(Object(Illuminate/Http/Request), Object(Closure))
#17 C:/Users/LENOVO/Documents/X-RPL/Kelas/27-04-2026/backend/vendor/laravel/framework/src/Illuminate/Pipeline/Pipeline.php(209): Illuminate/Foundation/Http/Middleware/TrimStrings->handle(Object(Illuminate/Http/Request), Object(Closure))
#18 C:/Users/LENOVO/Documents/X-RPL/Kelas/27-04-2026/backend/vendor/laravel/framework/src/Illuminate/Http/Middleware/ValidatePostSize.php(27): Illuminate/Pipeline/Pipeline->Illuminate/Pipeline/{closure}(Object(Illuminate/Http/Request))
#19 C:/Users/LENOVO/Documents/X-RPL/Kelas/27-04-2026/backend/vendor/laravel/framework/src/Illuminate/Pipeline/Pipeline.php(209): Illuminate/Http/Middleware/ValidatePostSize->handle(Object(Illuminate/Http/Request), Object(Closure))
#20 C:/Users/LENOVO/Documents/X-RPL/Kelas/27-04-2026/backend/vendor/laravel/framework/src/Illuminate/Foundation/Http/Middleware/PreventRequestsDuringMaintenance.php(110): Illuminate/Pipeline/Pipeline->Illuminate/Pipeline/{closure}(Object(Illuminate/Http/Request))
#21 C:/Users/LENOVO/Documents/X-RPL/Kelas/27-04-2026/backend/vendor/laravel/framework/src/Illuminate/Pipeline/Pipeline.php(209): Illuminate/Foundation/Http/Middleware/PreventRequestsDuringMaintenance->handle(Object(Illuminate/Http/Request), Object(Closure))
#22 C:/Users/LENOVO/Documents/X-RPL/Kelas/27-04-2026/backend/vendor/laravel/framework/src/Illuminate/Http/Middleware/HandleCors.php(62): Illuminate/Pipeline/Pipeline->Illuminate/Pipeline/{closure}(Object(Illuminate/Http/Request))
#23 C:/Users/LENOVO/Documents/X-RPL/Kelas/27-04-2026/backend/vendor/laravel/framework/src/Illuminate/Pipeline/Pipeline.php(209): Illuminate/Http/Middleware/HandleCors->handle(Object(Illuminate/Http/Request), Object(Closure))
#24 C:/Users/LENOVO/Documents/X-RPL/Kelas/27-04-2026/backend/vendor/laravel/framework/src/Illuminate/Http/Middleware/TrustProxies.php(58): Illuminate/Pipeline/Pipeline->Illuminate/Pipeline/{closure}(Object(Illuminate/Http/Request))
#25 C:/Users/LENOVO/Documents/X-RPL/Kelas/27-04-2026/backend/vendor/laravel/framework/src/Illuminate/Pipeline/Pipeline.php(209): Illuminate/Http/Middleware/TrustProxies->handle(Object(Illuminate/Http/Request), Object(Closure))
#26 C:/Users/LENOVO/Documents/X-RPL/Kelas/27-04-2026/backend/vendor/laravel/framework/src/Illuminate/Foundation/Http/Middleware/InvokeDeferredCallbacks.php(22): Illuminate/Pipeline/Pipeline->Illuminate/Pipeline/{closure}(Object(Illuminate/Http/Request))
#27 C:/Users/LENOVO/Documents/X-RPL/Kelas/27-04-2026/backend/vendor/laravel/framework/src/Illuminate/Pipeline/Pipeline.php(209): Illuminate/Foundation/Http/Middleware/InvokeDeferredCallbacks->handle(Object(Illuminate/Http/Request), Object(Closure))
#28 C:/Users/LENOVO/Documents/X-RPL/Kelas/27-04-2026/backend/vendor/laravel/framework/src/Illuminate/Pipeline/Pipeline.php(127): Illuminate/Pipeline/Pipeline->Illuminate/Pipeline/{closure}(Object(Illuminate/Http/Request))
#29 C:/Users/LENOVO/Documents/X-RPL/Kelas/27-04-2026/backend/vendor/laravel/framework/src/Illuminate/Foundation/Http/Kernel.php(176): Illuminate/Pipeline/Pipeline->then(Object(Closure))
#30 C:/Users/LENOVO/Documents/X-RPL/Kelas/27-04-2026/backend/vendor/laravel/framework/src/Illuminate/Foundation/Http/Kernel.php(145): Illuminate/Foundation/Http/Kernel->sendRequestThroughRouter(Object(Illuminate/Http/Request))
#31 C:/Users/LENOVO/Documents/X-RPL/Kelas/27-04-2026/backend/vendor/laravel/framework/src/Illuminate/Foundation/Application.php(1207): Illuminate/Foundation/Http/Kernel->handle(Object(Illuminate/Http/Request))
#32 C:/Users/LENOVO/Documents/X-RPL/Kelas/27-04-2026/backend/public/index.php(19): Illuminate/Foundation/Application->handle(Object(Illuminate/Http/Request))
#33 C:/Users/LENOVO/Documents/X-RPL/Kelas/27-04-2026/backend/vendor/laravel/framework/src/Illuminate/Foundation/resources/server.php(23): require_once('C://Users//LENOVO...')
#34 {main}
"} 
[2026-05-21 00:52:08] local.ERROR: Class "App\Http\Controllers\Controller" not found {"exception":"[object] (Error(code: 0): Class \"App\\Http\\Controllers\\Controller\" not found at C:/Users/LENOVO/Documents/X-RPL/Kelas/27-04-2026/backend/app/Http/Controllers/GuestbookController.php:9)
[stacktrace]
#0 C:/Users/LENOVO/Documents/X-RPL/Kelas/27-04-2026/backend/vendor/composer/ClassLoader.php(576): include()
#1 C:/Users/LENOVO/Documents/X-RPL/Kelas/27-04-2026/backend/vendor/composer/ClassLoader.php(427): Composer/Autoload/{closure}('C://Users//LENOVO...')
#2 [internal function]: Composer/Autoload/ClassLoader->loadClass('App//Http//Contro...')
#3 C:/Users/LENOVO/Documents/X-RPL/Kelas/27-04-2026/backend/vendor/laravel/framework/src/Illuminate/Routing/Route.php(1117): is_a('App//Http//Contro...', 'Illuminate//Rout...', true)
#4 C:/Users/LENOVO/Documents/X-RPL/Kelas/27-04-2026/backend/vendor/laravel/framework/src/Illuminate/Routing/Route.php(1054): Illuminate/Routing/Route->controllerMiddleware()
#5 C:/Users/LENOVO/Documents/X-RPL/Kelas/27-04-2026/backend/vendor/laravel/framework/src/Illuminate/Routing/Router.php(820): Illuminate/Routing/Route->gatherMiddleware()
#6 C:/Users/LENOVO/Documents/X-RPL/Kelas/27-04-2026/backend/vendor/laravel/framework/src/Illuminate/Routing/Router.php(802): Illuminate/Routing/Router->gatherRouteMiddleware(Object(Illuminate/Routing/Route))
#7 C:/Users/LENOVO/Documents/X-RPL/Kelas/27-04-2026/backend/vendor/laravel/framework/src/Illuminate/Routing/Router.php(786): Illuminate/Routing/Router->runRouteWithinStack(Object(Illuminate/Routing/Route), Object(Illuminate/Http/Request))
#8 C:/Users/LENOVO/Documents/X-RPL/Kelas/27-04-2026/backend/vendor/laravel/framework/src/Illuminate/Routing/Router.php(750): Illuminate/Routing/Router->runRoute(Object(Illuminate/Http/Request), Object(Illuminate/Routing/Route))
#9 C:/Users/LENOVO/Documents/X-RPL/Kelas/27-04-2026/backend/vendor/laravel/framework/src/Illuminate/Routing/Router.php(739): Illuminate/Routing/Router->dispatchToRoute(Object(Illuminate/Http/Request))
#10 C:/Users/LENOVO/Documents/X-RPL/Kelas/27-04-2026/backend/vendor/laravel/framework/src/Illuminate/Foundation/Http/Kernel.php(201): Illuminate/Routing/Router->dispatch(Object(Illuminate/Http/Request))
#11 C:/Users/LENOVO/Documents/X-RPL/Kelas/27-04-2026/backend/vendor/laravel/framework/src/Illuminate/Pipeline/Pipeline.php(170): Illuminate/Foundation/Http/Kernel->Illuminate/Foundation/Http/{closure}(Object(Illuminate/Http/Request))
#12 C:/Users/LENOVO/Documents/X-RPL/Kelas/27-04-2026/backend/vendor/laravel/framework/src/Illuminate/Foundation/Http/Middleware/TransformsRequest.php(21): Illuminate/Pipeline/Pipeline->Illuminate/Pipeline/{closure}(Object(Illuminate/Http/Request))
#13 C:/Users/LENOVO/Documents/X-RPL/Kelas/27-04-2026/backend/vendor/laravel/framework/src/Illuminate/Foundation/Http/Middleware/ConvertEmptyStringsToNull.php(31): Illuminate/Foundation/Http/Middleware/TransformsRequest->handle(Object(Illuminate/Http/Request), Object(Closure))
#14 C:/Users/LENOVO/Documents/X-RPL/Kelas/27-04-2026/backend/vendor/laravel/framework/src/Illuminate/Pipeline/Pipeline.php(209): Illuminate/Foundation/Http/Middleware/ConvertEmptyStringsToNull->handle(Object(Illuminate/Http/Request), Object(Closure))
#15 C:/Users/LENOVO/Documents/X-RPL/Kelas/27-04-2026/backend/vendor/laravel/framework/src/Illuminate/Foundation/Http/Middleware/TransformsRequest.php(21): Illuminate/Pipeline/Pipeline->Illuminate/Pipeline/{closure}(Object(Illuminate/Http/Request))
#16 C:/Users/LENOVO/Documents/X-RPL/Kelas/27-04-2026/backend/vendor/laravel/framework/src/Illuminate/Foundation/Http/Middleware/TrimStrings.php(51): Illuminate/Foundation/Http/Middleware/TransformsRequest->handle(Object(Illuminate/Http/Request), Object(Closure))
#17 C:/Users/LENOVO/Documents/X-RPL/Kelas/27-04-2026/backend/vendor/laravel/framework/src/Illuminate/Pipeline/Pipeline.php(209): Illuminate/Foundation/Http/Middleware/TrimStrings->handle(Object(Illuminate/Http/Request), Object(Closure))
#18 C:/Users/LENOVO/Documents/X-RPL/Kelas/27-04-2026/backend/vendor/laravel/framework/src/Illuminate/Http/Middleware/ValidatePostSize.php(27): Illuminate/Pipeline/Pipeline->Illuminate/Pipeline/{closure}(Object(Illuminate/Http/Request))
#19 C:/Users/LENOVO/Documents/X-RPL/Kelas/27-04-2026/backend/vendor/laravel/framework/src/Illuminate/Pipeline/Pipeline.php(209): Illuminate/Http/Middleware/ValidatePostSize->handle(Object(Illuminate/Http/Request), Object(Closure))
#20 C:/Users/LENOVO/Documents/X-RPL/Kelas/27-04-2026/backend/vendor/laravel/framework/src/Illuminate/Foundation/Http/Middleware/PreventRequestsDuringMaintenance.php(110): Illuminate/Pipeline/Pipeline->Illuminate/Pipeline/{closure}(Object(Illuminate/Http/Request))
#21 C:/Users/LENOVO/Documents/X-RPL/Kelas/27-04-2026/backend/vendor/laravel/framework/src/Illuminate/Pipeline/Pipeline.php(209): Illuminate/Foundation/Http/Middleware/PreventRequestsDuringMaintenance->handle(Object(Illuminate/Http/Request), Object(Closure))
#22 C:/Users/LENOVO/Documents/X-RPL/Kelas/27-04-2026/backend/vendor/laravel/framework/src/Illuminate/Http/Middleware/HandleCors.php(62): Illuminate/Pipeline/Pipeline->Illuminate/Pipeline/{closure}(Object(Illuminate/Http/Request))
#23 C:/Users/LENOVO/Documents/X-RPL/Kelas/27-04-2026/backend/vendor/laravel/framework/src/Illuminate/Pipeline/Pipeline.php(209): Illuminate/Http/Middleware/HandleCors->handle(Object(Illuminate/Http/Request), Object(Closure))
#24 C:/Users/LENOVO/Documents/X-RPL/Kelas/27-04-2026/backend/vendor/laravel/framework/src/Illuminate/Http/Middleware/TrustProxies.php(58): Illuminate/Pipeline/Pipeline->Illuminate/Pipeline/{closure}(Object(Illuminate/Http/Request))
#25 C:/Users/LENOVO/Documents/X-RPL/Kelas/27-04-2026/backend/vendor/laravel/framework/src/Illuminate/Pipeline/Pipeline.php(209): Illuminate/Http/Middleware/TrustProxies->handle(Object(Illuminate/Http/Request), Object(Closure))
#26 C:/Users/LENOVO/Documents/X-RPL/Kelas/27-04-2026/backend/vendor/laravel/framework/src/Illuminate/Foundation/Http/Middleware/InvokeDeferredCallbacks.php(22): Illuminate/Pipeline/Pipeline->Illuminate/Pipeline/{closure}(Object(Illuminate/Http/Request))
#27 C:/Users/LENOVO/Documents/X-RPL/Kelas/27-04-2026/backend/vendor/laravel/framework/src/Illuminate/Pipeline/Pipeline.php(209): Illuminate/Foundation/Http/Middleware/InvokeDeferredCallbacks->handle(Object(Illuminate/Http/Request), Object(Closure))
#28 C:/Users/LENOVO/Documents/X-RPL/Kelas/27-04-2026/backend/vendor/laravel/framework/src/Illuminate/Pipeline/Pipeline.php(127): Illuminate/Pipeline/Pipeline->Illuminate/Pipeline/{closure}(Object(Illuminate/Http/Request))
#29 C:/Users/LENOVO/Documents/X-RPL/Kelas/27-04-2026/backend/vendor/laravel/framework/src/Illuminate/Foundation/Http/Kernel.php(176): Illuminate/Pipeline/Pipeline->then(Object(Closure))
#30 C:/Users/LENOVO/Documents/X-RPL/Kelas/27-04-2026/backend/vendor/laravel/framework/src/Illuminate/Foundation/Http/Kernel.php(145): Illuminate/Foundation/Http/Kernel->sendRequestThroughRouter(Object(Illuminate/Http/Request))
#31 C:/Users/LENOVO/Documents/X-RPL/Kelas/27-04-2026/backend/vendor/laravel/framework/src/Illuminate/Foundation/Application.php(1207): Illuminate/Foundation/Http/Kernel->handle(Object(Illuminate/Http/Request))
#32 C:/Users/LENOVO/Documents/X-RPL/Kelas/27-04-2026/backend/public/index.php(19): Illuminate/Foundation/Application->handle(Object(Illuminate/Http/Request))
#33 C:/Users/LENOVO/Documents/X-RPL/Kelas/27-04-2026/backend/vendor/laravel/framework/src/Illuminate/Foundation/resources/server.php(23): require_once('C://Users//LENOVO...')
#34 {main}
"} 
[2026-05-21 00:52:10] local.ERROR: Class "App\Http\Controllers\Controller" not found {"exception":"[object] (Error(code: 0): Class \"App\\Http\\Controllers\\Controller\" not found at C:/Users/LENOVO/Documents/X-RPL/Kelas/27-04-2026/backend/app/Http/Controllers/GuestbookController.php:9)
[stacktrace]
#0 C:/Users/LENOVO/Documents/X-RPL/Kelas/27-04-2026/backend/vendor/composer/ClassLoader.php(576): include()
#1 C:/Users/LENOVO/Documents/X-RPL/Kelas/27-04-2026/backend/vendor/composer/ClassLoader.php(427): Composer/Autoload/{closure}('C://Users//LENOVO...')
#2 [internal function]: Composer/Autoload/ClassLoader->loadClass('App//Http//Contro...')
#3 C:/Users/LENOVO/Documents/X-RPL/Kelas/27-04-2026/backend/vendor/laravel/framework/src/Illuminate/Routing/Route.php(1117): is_a('App//Http//Contro...', 'Illuminate//Rout...', true)
#4 C:/Users/LENOVO/Documents/X-RPL/Kelas/27-04-2026/backend/vendor/laravel/framework/src/Illuminate/Routing/Route.php(1054): Illuminate/Routing/Route->controllerMiddleware()
#5 C:/Users/LENOVO/Documents/X-RPL/Kelas/27-04-2026/backend/vendor/laravel/framework/src/Illuminate/Routing/Router.php(820): Illuminate/Routing/Route->gatherMiddleware()
#6 C:/Users/LENOVO/Documents/X-RPL/Kelas/27-04-2026/backend/vendor/laravel/framework/src/Illuminate/Routing/Router.php(802): Illuminate/Routing/Router->gatherRouteMiddleware(Object(Illuminate/Routing/Route))
#7 C:/Users/LENOVO/Documents/X-RPL/Kelas/27-04-2026/backend/vendor/laravel/framework/src/Illuminate/Routing/Router.php(786): Illuminate/Routing/Router->runRouteWithinStack(Object(Illuminate/Routing/Route), Object(Illuminate/Http/Request))
#8 C:/Users/LENOVO/Documents/X-RPL/Kelas/27-04-2026/backend/vendor/laravel/framework/src/Illuminate/Routing/Router.php(750): Illuminate/Routing/Router->runRoute(Object(Illuminate/Http/Request), Object(Illuminate/Routing/Route))
#9 C:/Users/LENOVO/Documents/X-RPL/Kelas/27-04-2026/backend/vendor/laravel/framework/src/Illuminate/Routing/Router.php(739): Illuminate/Routing/Router->dispatchToRoute(Object(Illuminate/Http/Request))
#10 C:/Users/LENOVO/Documents/X-RPL/Kelas/27-04-2026/backend/vendor/laravel/framework/src/Illuminate/Foundation/Http/Kernel.php(201): Illuminate/Routing/Router->dispatch(Object(Illuminate/Http/Request))
#11 C:/Users/LENOVO/Documents/X-RPL/Kelas/27-04-2026/backend/vendor/laravel/framework/src/Illuminate/Pipeline/Pipeline.php(170): Illuminate/Foundation/Http/Kernel->Illuminate/Foundation/Http/{closure}(Object(Illuminate/Http/Request))
#12 C:/Users/LENOVO/Documents/X-RPL/Kelas/27-04-2026/backend/vendor/laravel/framework/src/Illuminate/Foundation/Http/Middleware/TransformsRequest.php(21): Illuminate/Pipeline/Pipeline->Illuminate/Pipeline/{closure}(Object(Illuminate/Http/Request))
#13 C:/Users/LENOVO/Documents/X-RPL/Kelas/27-04-2026/backend/vendor/laravel/framework/src/Illuminate/Foundation/Http/Middleware/ConvertEmptyStringsToNull.php(31): Illuminate/Foundation/Http/Middleware/TransformsRequest->handle(Object(Illuminate/Http/Request), Object(Closure))
#14 C:/Users/LENOVO/Documents/X-RPL/Kelas/27-04-2026/backend/vendor/laravel/framework/src/Illuminate/Pipeline/Pipeline.php(209): Illuminate/Foundation/Http/Middleware/ConvertEmptyStringsToNull->handle(Object(Illuminate/Http/Request), Object(Closure))
#15 C:/Users/LENOVO/Documents/X-RPL/Kelas/27-04-2026/backend/vendor/laravel/framework/src/Illuminate/Foundation/Http/Middleware/TransformsRequest.php(21): Illuminate/Pipeline/Pipeline->Illuminate/Pipeline/{closure}(Object(Illuminate/Http/Request))
#16 C:/Users/LENOVO/Documents/X-RPL/Kelas/27-04-2026/backend/vendor/laravel/framework/src/Illuminate/Foundation/Http/Middleware/TrimStrings.php(51): Illuminate/Foundation/Http/Middleware/TransformsRequest->handle(Object(Illuminate/Http/Request), Object(Closure))
#17 C:/Users/LENOVO/Documents/X-RPL/Kelas/27-04-2026/backend/vendor/laravel/framework/src/Illuminate/Pipeline/Pipeline.php(209): Illuminate/Foundation/Http/Middleware/TrimStrings->handle(Object(Illuminate/Http/Request), Object(Closure))
#18 C:/Users/LENOVO/Documents/X-RPL/Kelas/27-04-2026/backend/vendor/laravel/framework/src/Illuminate/Http/Middleware/ValidatePostSize.php(27): Illuminate/Pipeline/Pipeline->Illuminate/Pipeline/{closure}(Object(Illuminate/Http/Request))
#19 C:/Users/LENOVO/Documents/X-RPL/Kelas/27-04-2026/backend/vendor/laravel/framework/src/Illuminate/Pipeline/Pipeline.php(209): Illuminate/Http/Middleware/ValidatePostSize->handle(Object(Illuminate/Http/Request), Object(Closure))
#20 C:/Users/LENOVO/Documents/X-RPL/Kelas/27-04-2026/backend/vendor/laravel/framework/src/Illuminate/Foundation/Http/Middleware/PreventRequestsDuringMaintenance.php(110): Illuminate/Pipeline/Pipeline->Illuminate/Pipeline/{closure}(Object(Illuminate/Http/Request))
#21 C:/Users/LENOVO/Documents/X-RPL/Kelas/27-04-2026/backend/vendor/laravel/framework/src/Illuminate/Pipeline/Pipeline.php(209): Illuminate/Foundation/Http/Middleware/PreventRequestsDuringMaintenance->handle(Object(Illuminate/Http/Request), Object(Closure))
#22 C:/Users/LENOVO/Documents/X-RPL/Kelas/27-04-2026/backend/vendor/laravel/framework/src/Illuminate/Http/Middleware/HandleCors.php(62): Illuminate/Pipeline/Pipeline->Illuminate/Pipeline/{closure}(Object(Illuminate/Http/Request))
#23 C:/Users/LENOVO/Documents/X-RPL/Kelas/27-04-2026/backend/vendor/laravel/framework/src/Illuminate/Pipeline/Pipeline.php(209): Illuminate/Http/Middleware/HandleCors->handle(Object(Illuminate/Http/Request), Object(Closure))
#24 C:/Users/LENOVO/Documents/X-RPL/Kelas/27-04-2026/backend/vendor/laravel/framework/src/Illuminate/Http/Middleware/TrustProxies.php(58): Illuminate/Pipeline/Pipeline->Illuminate/Pipeline/{closure}(Object(Illuminate/Http/Request))
#25 C:/Users/LENOVO/Documents/X-RPL/Kelas/27-04-2026/backend/vendor/laravel/framework/src/Illuminate/Pipeline/Pipeline.php(209): Illuminate/Http/Middleware/TrustProxies->handle(Object(Illuminate/Http/Request), Object(Closure))
#26 C:/Users/LENOVO/Documents/X-RPL/Kelas/27-04-2026/backend/vendor/laravel/framework/src/Illuminate/Foundation/Http/Middleware/InvokeDeferredCallbacks.php(22): Illuminate/Pipeline/Pipeline->Illuminate/Pipeline/{closure}(Object(Illuminate/Http/Request))
#27 C:/Users/LENOVO/Documents/X-RPL/Kelas/27-04-2026/backend/vendor/laravel/framework/src/Illuminate/Pipeline/Pipeline.php(209): Illuminate/Foundation/Http/Middleware/InvokeDeferredCallbacks->handle(Object(Illuminate/Http/Request), Object(Closure))
#28 C:/Users/LENOVO/Documents/X-RPL/Kelas/27-04-2026/backend/vendor/laravel/framework/src/Illuminate/Pipeline/Pipeline.php(127): Illuminate/Pipeline/Pipeline->Illuminate/Pipeline/{closure}(Object(Illuminate/Http/Request))
#29 C:/Users/LENOVO/Documents/X-RPL/Kelas/27-04-2026/backend/vendor/laravel/framework/src/Illuminate/Foundation/Http/Kernel.php(176): Illuminate/Pipeline/Pipeline->then(Object(Closure))
#30 C:/Users/LENOVO/Documents/X-RPL/Kelas/27-04-2026/backend/vendor/laravel/framework/src/Illuminate/Foundation/Http/Kernel.php(145): Illuminate/Foundation/Http/Kernel->sendRequestThroughRouter(Object(Illuminate/Http/Request))
#31 C:/Users/LENOVO/Documents/X-RPL/Kelas/27-04-2026/backend/vendor/laravel/framework/src/Illuminate/Foundation/Application.php(1207): Illuminate/Foundation/Http/Kernel->handle(Object(Illuminate/Http/Request))
#32 C:/Users/LENOVO/Documents/X-RPL/Kelas/27-04-2026/backend/public/index.php(19): Illuminate/Foundation/Application->handle(Object(Illuminate/Http/Request))
#33 C:/Users/LENOVO/Documents/X-RPL/Kelas/27-04-2026/backend/vendor/laravel/framework/src/Illuminate/Foundation/resources/server.php(23): require_once('C://Users//LENOVO...')
#34 {main}
"} 
[2026-06-05 12:25:12] local.ERROR: Class "App\Http\Controllers\Controller" not found {"exception":"[object] (Error(code: 0): Class \"App\\Http\\Controllers\\Controller\" not found at C:/Users/LENOVO/Documents/X-RPL/Kelas/27-04-2026/backend/app/Http/Controllers/GuestbookController.php:9)
[stacktrace]
#0 C:/Users/LENOVO/Documents/X-RPL/Kelas/27-04-2026/backend/vendor/composer/ClassLoader.php(576): include()
#1 C:/Users/LENOVO/Documents/X-RPL/Kelas/27-04-2026/backend/vendor/composer/ClassLoader.php(427): Composer/Autoload/{closure}('C://Users//LENOVO...')
#2 [internal function]: Composer/Autoload/ClassLoader->loadClass('App//Http//Contro...')
#3 C:/Users/LENOVO/Documents/X-RPL/Kelas/27-04-2026/backend/vendor/laravel/framework/src/Illuminate/Routing/Route.php(1117): is_a('App//Http//Contro...', 'Illuminate//Rout...', true)
#4 C:/Users/LENOVO/Documents/X-RPL/Kelas/27-04-2026/backend/vendor/laravel/framework/src/Illuminate/Routing/Route.php(1054): Illuminate/Routing/Route->controllerMiddleware()
#5 C:/Users/LENOVO/Documents/X-RPL/Kelas/27-04-2026/backend/vendor/laravel/framework/src/Illuminate/Routing/Router.php(820): Illuminate/Routing/Route->gatherMiddleware()
#6 C:/Users/LENOVO/Documents/X-RPL/Kelas/27-04-2026/backend/vendor/laravel/framework/src/Illuminate/Routing/Router.php(802): Illuminate/Routing/Router->gatherRouteMiddleware(Object(Illuminate/Routing/Route))
#7 C:/Users/LENOVO/Documents/X-RPL/Kelas/27-04-2026/backend/vendor/laravel/framework/src/Illuminate/Routing/Router.php(786): Illuminate/Routing/Router->runRouteWithinStack(Object(Illuminate/Routing/Route), Object(Illuminate/Http/Request))
#8 C:/Users/LENOVO/Documents/X-RPL/Kelas/27-04-2026/backend/vendor/laravel/framework/src/Illuminate/Routing/Router.php(750): Illuminate/Routing/Router->runRoute(Object(Illuminate/Http/Request), Object(Illuminate/Routing/Route))
#9 C:/Users/LENOVO/Documents/X-RPL/Kelas/27-04-2026/backend/vendor/laravel/framework/src/Illuminate/Routing/Router.php(739): Illuminate/Routing/Router->dispatchToRoute(Object(Illuminate/Http/Request))
#10 C:/Users/LENOVO/Documents/X-RPL/Kelas/27-04-2026/backend/vendor/laravel/framework/src/Illuminate/Foundation/Http/Kernel.php(201): Illuminate/Routing/Router->dispatch(Object(Illuminate/Http/Request))
#11 C:/Users/LENOVO/Documents/X-RPL/Kelas/27-04-2026/backend/vendor/laravel/framework/src/Illuminate/Pipeline/Pipeline.php(170): Illuminate/Foundation/Http/Kernel->Illuminate/Foundation/Http/{closure}(Object(Illuminate/Http/Request))
#12 C:/Users/LENOVO/Documents/X-RPL/Kelas/27-04-2026/backend/vendor/laravel/framework/src/Illuminate/Foundation/Http/Middleware/TransformsRequest.php(21): Illuminate/Pipeline/Pipeline->Illuminate/Pipeline/{closure}(Object(Illuminate/Http/Request))
#13 C:/Users/LENOVO/Documents/X-RPL/Kelas/27-04-2026/backend/vendor/laravel/framework/src/Illuminate/Foundation/Http/Middleware/ConvertEmptyStringsToNull.php(31): Illuminate/Foundation/Http/Middleware/TransformsRequest->handle(Object(Illuminate/Http/Request), Object(Closure))
#14 C:/Users/LENOVO/Documents/X-RPL/Kelas/27-04-2026/backend/vendor/laravel/framework/src/Illuminate/Pipeline/Pipeline.php(209): Illuminate/Foundation/Http/Middleware/ConvertEmptyStringsToNull->handle(Object(Illuminate/Http/Request), Object(Closure))
#15 C:/Users/LENOVO/Documents/X-RPL/Kelas/27-04-2026/backend/vendor/laravel/framework/src/Illuminate/Foundation/Http/Middleware/TransformsRequest.php(21): Illuminate/Pipeline/Pipeline->Illuminate/Pipeline/{closure}(Object(Illuminate/Http/Request))
#16 C:/Users/LENOVO/Documents/X-RPL/Kelas/27-04-2026/backend/vendor/laravel/framework/src/Illuminate/Foundation/Http/Middleware/TrimStrings.php(51): Illuminate/Foundation/Http/Middleware/TransformsRequest->handle(Object(Illuminate/Http/Request), Object(Closure))
#17 C:/Users/LENOVO/Documents/X-RPL/Kelas/27-04-2026/backend/vendor/laravel/framework/src/Illuminate/Pipeline/Pipeline.php(209): Illuminate/Foundation/Http/Middleware/TrimStrings->handle(Object(Illuminate/Http/Request), Object(Closure))
#18 C:/Users/LENOVO/Documents/X-RPL/Kelas/27-04-2026/backend/vendor/laravel/framework/src/Illuminate/Http/Middleware/ValidatePostSize.php(27): Illuminate/Pipeline/Pipeline->Illuminate/Pipeline/{closure}(Object(Illuminate/Http/Request))
#19 C:/Users/LENOVO/Documents/X-RPL/Kelas/27-04-2026/backend/vendor/laravel/framework/src/Illuminate/Pipeline/Pipeline.php(209): Illuminate/Http/Middleware/ValidatePostSize->handle(Object(Illuminate/Http/Request), Object(Closure))
#20 C:/Users/LENOVO/Documents/X-RPL/Kelas/27-04-2026/backend/vendor/laravel/framework/src/Illuminate/Foundation/Http/Middleware/PreventRequestsDuringMaintenance.php(110): Illuminate/Pipeline/Pipeline->Illuminate/Pipeline/{closure}(Object(Illuminate/Http/Request))
#21 C:/Users/LENOVO/Documents/X-RPL/Kelas/27-04-2026/backend/vendor/laravel/framework/src/Illuminate/Pipeline/Pipeline.php(209): Illuminate/Foundation/Http/Middleware/PreventRequestsDuringMaintenance->handle(Object(Illuminate/Http/Request), Object(Closure))
#22 C:/Users/LENOVO/Documents/X-RPL/Kelas/27-04-2026/backend/vendor/laravel/framework/src/Illuminate/Http/Middleware/HandleCors.php(62): Illuminate/Pipeline/Pipeline->Illuminate/Pipeline/{closure}(Object(Illuminate/Http/Request))
#23 C:/Users/LENOVO/Documents/X-RPL/Kelas/27-04-2026/backend/vendor/laravel/framework/src/Illuminate/Pipeline/Pipeline.php(209): Illuminate/Http/Middleware/HandleCors->handle(Object(Illuminate/Http/Request), Object(Closure))
#24 C:/Users/LENOVO/Documents/X-RPL/Kelas/27-04-2026/backend/vendor/laravel/framework/src/Illuminate/Http/Middleware/TrustProxies.php(58): Illuminate/Pipeline/Pipeline->Illuminate/Pipeline/{closure}(Object(Illuminate/Http/Request))
#25 C:/Users/LENOVO/Documents/X-RPL/Kelas/27-04-2026/backend/vendor/laravel/framework/src/Illuminate/Pipeline/Pipeline.php(209): Illuminate/Http/Middleware/TrustProxies->handle(Object(Illuminate/Http/Request), Object(Closure))
#26 C:/Users/LENOVO/Documents/X-RPL/Kelas/27-04-2026/backend/vendor/laravel/framework/src/Illuminate/Foundation/Http/Middleware/InvokeDeferredCallbacks.php(22): Illuminate/Pipeline/Pipeline->Illuminate/Pipeline/{closure}(Object(Illuminate/Http/Request))
#27 C:/Users/LENOVO/Documents/X-RPL/Kelas/27-04-2026/backend/vendor/laravel/framework/src/Illuminate/Pipeline/Pipeline.php(209): Illuminate/Foundation/Http/Middleware/InvokeDeferredCallbacks->handle(Object(Illuminate/Http/Request), Object(Closure))
#28 C:/Users/LENOVO/Documents/X-RPL/Kelas/27-04-2026/backend/vendor/laravel/framework/src/Illuminate/Pipeline/Pipeline.php(127): Illuminate/Pipeline/Pipeline->Illuminate/Pipeline/{closure}(Object(Illuminate/Http/Request))
#29 C:/Users/LENOVO/Documents/X-RPL/Kelas/27-04-2026/backend/vendor/laravel/framework/src/Illuminate/Foundation/Http/Kernel.php(176): Illuminate/Pipeline/Pipeline->then(Object(Closure))
#30 C:/Users/LENOVO/Documents/X-RPL/Kelas/27-04-2026/backend/vendor/laravel/framework/src/Illuminate/Foundation/Http/Kernel.php(145): Illuminate/Foundation/Http/Kernel->sendRequestThroughRouter(Object(Illuminate/Http/Request))
#31 C:/Users/LENOVO/Documents/X-RPL/Kelas/27-04-2026/backend/vendor/laravel/framework/src/Illuminate/Foundation/Application.php(1207): Illuminate/Foundation/Http/Kernel->handle(Object(Illuminate/Http/Request))
#32 C:/Users/LENOVO/Documents/X-RPL/Kelas/27-04-2026/backend/public/index.php(19): Illuminate/Foundation/Application->handle(Object(Illuminate/Http/Request))
#33 C:/Users/LENOVO/Documents/X-RPL/Kelas/27-04-2026/backend/vendor/laravel/framework/src/Illuminate/Foundation/resources/server.php(23): require_once('C://Users//LENOVO...')
#34 {main}
"} 
[2026-06-05 12:25:32] local.ERROR: Class "App\Http\Controllers\Controller" not found {"exception":"[object] (Error(code: 0): Class \"App\\Http\\Controllers\\Controller\" not found at C:/Users/LENOVO/Documents/X-RPL/Kelas/27-04-2026/backend/app/Http/Controllers/GuestbookController.php:9)
[stacktrace]
#0 C:/Users/LENOVO/Documents/X-RPL/Kelas/27-04-2026/backend/vendor/composer/ClassLoader.php(576): include()
#1 C:/Users/LENOVO/Documents/X-RPL/Kelas/27-04-2026/backend/vendor/composer/ClassLoader.php(427): Composer/Autoload/{closure}('C://Users//LENOVO...')
#2 [internal function]: Composer/Autoload/ClassLoader->loadClass('App//Http//Contro...')
#3 C:/Users/LENOVO/Documents/X-RPL/Kelas/27-04-2026/backend/vendor/laravel/framework/src/Illuminate/Routing/Route.php(1117): is_a('App//Http//Contro...', 'Illuminate//Rout...', true)
#4 C:/Users/LENOVO/Documents/X-RPL/Kelas/27-04-2026/backend/vendor/laravel/framework/src/Illuminate/Routing/Route.php(1054): Illuminate/Routing/Route->controllerMiddleware()
#5 C:/Users/LENOVO/Documents/X-RPL/Kelas/27-04-2026/backend/vendor/laravel/framework/src/Illuminate/Routing/Router.php(820): Illuminate/Routing/Route->gatherMiddleware()
#6 C:/Users/LENOVO/Documents/X-RPL/Kelas/27-04-2026/backend/vendor/laravel/framework/src/Illuminate/Routing/Router.php(802): Illuminate/Routing/Router->gatherRouteMiddleware(Object(Illuminate/Routing/Route))
#7 C:/Users/LENOVO/Documents/X-RPL/Kelas/27-04-2026/backend/vendor/laravel/framework/src/Illuminate/Routing/Router.php(786): Illuminate/Routing/Router->runRouteWithinStack(Object(Illuminate/Routing/Route), Object(Illuminate/Http/Request))
#8 C:/Users/LENOVO/Documents/X-RPL/Kelas/27-04-2026/backend/vendor/laravel/framework/src/Illuminate/Routing/Router.php(750): Illuminate/Routing/Router->runRoute(Object(Illuminate/Http/Request), Object(Illuminate/Routing/Route))
#9 C:/Users/LENOVO/Documents/X-RPL/Kelas/27-04-2026/backend/vendor/laravel/framework/src/Illuminate/Routing/Router.php(739): Illuminate/Routing/Router->dispatchToRoute(Object(Illuminate/Http/Request))
#10 C:/Users/LENOVO/Documents/X-RPL/Kelas/27-04-2026/backend/vendor/laravel/framework/src/Illuminate/Foundation/Http/Kernel.php(201): Illuminate/Routing/Router->dispatch(Object(Illuminate/Http/Request))
#11 C:/Users/LENOVO/Documents/X-RPL/Kelas/27-04-2026/backend/vendor/laravel/framework/src/Illuminate/Pipeline/Pipeline.php(170): Illuminate/Foundation/Http/Kernel->Illuminate/Foundation/Http/{closure}(Object(Illuminate/Http/Request))
#12 C:/Users/LENOVO/Documents/X-RPL/Kelas/27-04-2026/backend/vendor/laravel/framework/src/Illuminate/Foundation/Http/Middleware/TransformsRequest.php(21): Illuminate/Pipeline/Pipeline->Illuminate/Pipeline/{closure}(Object(Illuminate/Http/Request))
#13 C:/Users/LENOVO/Documents/X-RPL/Kelas/27-04-2026/backend/vendor/laravel/framework/src/Illuminate/Foundation/Http/Middleware/ConvertEmptyStringsToNull.php(31): Illuminate/Foundation/Http/Middleware/TransformsRequest->handle(Object(Illuminate/Http/Request), Object(Closure))
#14 C:/Users/LENOVO/Documents/X-RPL/Kelas/27-04-2026/backend/vendor/laravel/framework/src/Illuminate/Pipeline/Pipeline.php(209): Illuminate/Foundation/Http/Middleware/ConvertEmptyStringsToNull->handle(Object(Illuminate/Http/Request), Object(Closure))
#15 C:/Users/LENOVO/Documents/X-RPL/Kelas/27-04-2026/backend/vendor/laravel/framework/src/Illuminate/Foundation/Http/Middleware/TransformsRequest.php(21): Illuminate/Pipeline/Pipeline->Illuminate/Pipeline/{closure}(Object(Illuminate/Http/Request))
#16 C:/Users/LENOVO/Documents/X-RPL/Kelas/27-04-2026/backend/vendor/laravel/framework/src/Illuminate/Foundation/Http/Middleware/TrimStrings.php(51): Illuminate/Foundation/Http/Middleware/TransformsRequest->handle(Object(Illuminate/Http/Request), Object(Closure))
#17 C:/Users/LENOVO/Documents/X-RPL/Kelas/27-04-2026/backend/vendor/laravel/framework/src/Illuminate/Pipeline/Pipeline.php(209): Illuminate/Foundation/Http/Middleware/TrimStrings->handle(Object(Illuminate/Http/Request), Object(Closure))
#18 C:/Users/LENOVO/Documents/X-RPL/Kelas/27-04-2026/backend/vendor/laravel/framework/src/Illuminate/Http/Middleware/ValidatePostSize.php(27): Illuminate/Pipeline/Pipeline->Illuminate/Pipeline/{closure}(Object(Illuminate/Http/Request))
#19 C:/Users/LENOVO/Documents/X-RPL/Kelas/27-04-2026/backend/vendor/laravel/framework/src/Illuminate/Pipeline/Pipeline.php(209): Illuminate/Http/Middleware/ValidatePostSize->handle(Object(Illuminate/Http/Request), Object(Closure))
#20 C:/Users/LENOVO/Documents/X-RPL/Kelas/27-04-2026/backend/vendor/laravel/framework/src/Illuminate/Foundation/Http/Middleware/PreventRequestsDuringMaintenance.php(110): Illuminate/Pipeline/Pipeline->Illuminate/Pipeline/{closure}(Object(Illuminate/Http/Request))
#21 C:/Users/LENOVO/Documents/X-RPL/Kelas/27-04-2026/backend/vendor/laravel/framework/src/Illuminate/Pipeline/Pipeline.php(209): Illuminate/Foundation/Http/Middleware/PreventRequestsDuringMaintenance->handle(Object(Illuminate/Http/Request), Object(Closure))
#22 C:/Users/LENOVO/Documents/X-RPL/Kelas/27-04-2026/backend/vendor/laravel/framework/src/Illuminate/Http/Middleware/HandleCors.php(62): Illuminate/Pipeline/Pipeline->Illuminate/Pipeline/{closure}(Object(Illuminate/Http/Request))
#23 C:/Users/LENOVO/Documents/X-RPL/Kelas/27-04-2026/backend/vendor/laravel/framework/src/Illuminate/Pipeline/Pipeline.php(209): Illuminate/Http/Middleware/HandleCors->handle(Object(Illuminate/Http/Request), Object(Closure))
#24 C:/Users/LENOVO/Documents/X-RPL/Kelas/27-04-2026/backend/vendor/laravel/framework/src/Illuminate/Http/Middleware/TrustProxies.php(58): Illuminate/Pipeline/Pipeline->Illuminate/Pipeline/{closure}(Object(Illuminate/Http/Request))
#25 C:/Users/LENOVO/Documents/X-RPL/Kelas/27-04-2026/backend/vendor/laravel/framework/src/Illuminate/Pipeline/Pipeline.php(209): Illuminate/Http/Middleware/TrustProxies->handle(Object(Illuminate/Http/Request), Object(Closure))
#26 C:/Users/LENOVO/Documents/X-RPL/Kelas/27-04-2026/backend/vendor/laravel/framework/src/Illuminate/Foundation/Http/Middleware/InvokeDeferredCallbacks.php(22): Illuminate/Pipeline/Pipeline->Illuminate/Pipeline/{closure}(Object(Illuminate/Http/Request))
#27 C:/Users/LENOVO/Documents/X-RPL/Kelas/27-04-2026/backend/vendor/laravel/framework/src/Illuminate/Pipeline/Pipeline.php(209): Illuminate/Foundation/Http/Middleware/InvokeDeferredCallbacks->handle(Object(Illuminate/Http/Request), Object(Closure))
#28 C:/Users/LENOVO/Documents/X-RPL/Kelas/27-04-2026/backend/vendor/laravel/framework/src/Illuminate/Pipeline/Pipeline.php(127): Illuminate/Pipeline/Pipeline->Illuminate/Pipeline/{closure}(Object(Illuminate/Http/Request))
#29 C:/Users/LENOVO/Documents/X-RPL/Kelas/27-04-2026/backend/vendor/laravel/framework/src/Illuminate/Foundation/Http/Kernel.php(176): Illuminate/Pipeline/Pipeline->then(Object(Closure))
#30 C:/Users/LENOVO/Documents/X-RPL/Kelas/27-04-2026/backend/vendor/laravel/framework/src/Illuminate/Foundation/Http/Kernel.php(145): Illuminate/Foundation/Http/Kernel->sendRequestThroughRouter(Object(Illuminate/Http/Request))
#31 C:/Users/LENOVO/Documents/X-RPL/Kelas/27-04-2026/backend/vendor/laravel/framework/src/Illuminate/Foundation/Application.php(1207): Illuminate/Foundation/Http/Kernel->handle(Object(Illuminate/Http/Request))
#32 C:/Users/LENOVO/Documents/X-RPL/Kelas/27-04-2026/backend/public/index.php(19): Illuminate/Foundation/Application->handle(Object(Illuminate/Http/Request))
#33 C:/Users/LENOVO/Documents/X-RPL/Kelas/27-04-2026/backend/vendor/laravel/framework/src/Illuminate/Foundation/resources/server.php(23): require_once('C://Users//LENOVO...')
#34 {main}
"} 
